product_id,product_name,category,subcategory,brand,supplier,unit_cost,selling_price,launch_date
5001,TravelMate Kitchen 1,Home & Kitchen,Kitchen,TravelMate,GlobalTrade,548.31,742.76,9/14/2024
5002,UrbanWear Accessories 2,Electronics,Accessories,UrbanWear,PrimeSupply,1761.52,2613.91,1/6/2024
5003,TravelMate Audio 3,Electronics,Audio,TravelMate,RetailSource,4991.74,5688.3,6/8/2025
5004,TrailMaster Mobiles 4,Electronics,Mobiles,TrailMaster,ValueChain,5037.18,8360.47,2/16/2023
5005,PageTurner Watches 5,Accessories,Watches,PageTurner,GlobalTrade,210.61,285.89,11/4/2023
5006,GlowCare Cycling 6,Sports,Cycling,GlowCare,MetroDistributors,391.95,663.4,1/30/2025
5007,TrailMaster Kitchen 7,Home & Kitchen,Kitchen,TrailMaster,PrimeSupply,1430.68,2135.49,9/1/2023
5008,TimeCraft Skincare 8,Beauty,Skincare,TimeCraft,GlobalTrade,1421.77,2096.7,7/18/2023
5009,PureSkin Outdoor 9,Sports,Outdoor,PureSkin,RetailSource,2658.89,3291.38,12/31/2024
5010,GlowCare Kitchen 10,Home & Kitchen,Kitchen,GlowCare,ValueChain,673.27,900.53,6/11/2025
5011,TechEdge Furniture 11,Home & Kitchen,Furniture,TechEdge,MetroDistributors,4164.25,4796.07,7/4/2023
5012,TrendLine Haircare 12,Beauty,Haircare,TrendLine,MetroDistributors,412.95,652.86,2/22/2024
5013,PureHarvest Household 13,Grocery,Household,PureHarvest,MetroDistributors,89.94,129.36,9/1/2025
5014,TrailMaster Computing 14,Electronics,Computing,TrailMaster,PrimeSupply,1766.52,2014.53,5/25/2023
5015,PageTurner Beverages 15,Grocery,Beverages,PageTurner,ValueChain,121.11,189.74,5/19/2023
5016,TechEdge Cycling 16,Sports,Cycling,TechEdge,RetailSource,340.66,442.09,9/4/2023
5017,DailyFresh Men's Wear 17,Fashion,Men's Wear,DailyFresh,GlobalTrade,1494.55,1942.83,4/24/2024
5018,GlowCare Audio 18,Electronics,Audio,GlowCare,ValueChain,2839.26,3889.95,4/12/2025
5019,StyleHub Skincare 19,Beauty,Skincare,StyleHub,RetailSource,1111.59,1800.93,3/11/2024
5020,SoundMax Accessories 20,Fashion,Accessories,SoundMax,MetroDistributors,308.73,459.19,1/9/2024
5021,PureHarvest Decor 21,Home & Kitchen,Decor,PureHarvest,GlobalTrade,1557.01,2012.57,4/29/2025
5022,FitPro Household 22,Grocery,Household,FitPro,RetailSource,187.07,303.65,9/14/2023
5023,KitchenPro Accessories 23,Fashion,Accessories,KitchenPro,PrimeSupply,1518.05,2139.37,1/2/2024
5024,GlowCare Audio 24,Electronics,Audio,GlowCare,RetailSource,1658.16,2387.89,9/6/2023
5025,TimeCraft Kitchen 25,Home & Kitchen,Kitchen,TimeCraft,RetailSource,1337.96,1793.66,4/21/2023
5026,DailyFresh Storage 26,Home & Kitchen,Storage,DailyFresh,GlobalTrade,3276.6,5627.86,8/6/2024
5027,KitchenPro Travel 27,Accessories,Travel,KitchenPro,ValueChain,1731.27,2629.76,8/26/2025
5028,ReadMore Decor 28,Home & Kitchen,Decor,ReadMore,MetroDistributors,1821.73,2323.14,9/14/2023
5029,NovaTech Haircare 29,Beauty,Haircare,NovaTech,ValueChain,1457.83,1961.26,3/14/2023
5030,StyleHub Academic 30,Books,Academic,StyleHub,PrimeSupply,193.17,228.13,7/24/2025
5031,GlowCare Accessories 31,Electronics,Accessories,GlowCare,RetailSource,5400.3,6909.73,4/17/2023
5032,FitPro Footwear 32,Fashion,Footwear,FitPro,ValueChain,1458.2,2107.89,2/19/2023
5033,NovaTech Cycling 33,Sports,Cycling,NovaTech,PrimeSupply,496.39,794.48,1/6/2025
5034,KitchenPro Organic 34,Grocery,Organic,KitchenPro,GlobalTrade,653.14,788.39,6/5/2023
5035,HomeCraft Yoga 35,Sports,Yoga,HomeCraft,ValueChain,375.87,537.07,9/22/2025
5036,UrbanWear Mobiles 36,Electronics,Mobiles,UrbanWear,PrimeSupply,2045.05,2620.7,3/4/2024
5037,TrailMaster Storage 37,Home & Kitchen,Storage,TrailMaster,RetailSource,4571.93,5526.1,11/1/2024
5038,SoundMax Bags 38,Fashion,Bags,SoundMax,PrimeSupply,878.49,1109.86,7/28/2023
5039,PageTurner Accessories 39,Fashion,Accessories,PageTurner,GlobalTrade,654.22,850.77,7/31/2023
5040,PixelPro Jewelry 40,Accessories,Jewelry,PixelPro,ValueChain,263.24,404.4,2/17/2025
5041,TrendLine Audio 41,Electronics,Audio,TrendLine,GlobalTrade,4774.83,6648.84,5/24/2024
5042,DailyFresh Kitchen 42,Home & Kitchen,Kitchen,DailyFresh,RetailSource,4212.19,5020.46,7/5/2025
5043,PureHarvest Women's Wear 43,Fashion,Women's Wear,PureHarvest,ValueChain,757.93,1200.27,7/10/2025
5044,TravelMate Computing 44,Electronics,Computing,TravelMate,GlobalTrade,2857.96,4889.59,8/23/2024
5045,StyleHub Women's Wear 45,Fashion,Women's Wear,StyleHub,MetroDistributors,862.13,1456.32,2/19/2025
5046,TrendLine Mobiles 46,Electronics,Mobiles,TrendLine,RetailSource,1829.75,2109.92,5/4/2025
5047,PureHarvest Household 47,Grocery,Household,PureHarvest,MetroDistributors,131.85,210.08,8/4/2024
5048,PixelPro Decor 48,Home & Kitchen,Decor,PixelPro,RetailSource,457.78,569.16,3/11/2025
5049,TimeCraft Fragrance 49,Beauty,Fragrance,TimeCraft,ValueChain,1464.46,2129.48,1/27/2023
5050,SoundMax Cycling 50,Sports,Cycling,SoundMax,ValueChain,887.31,1035.81,6/8/2023
5051,SoundMax Storage 51,Home & Kitchen,Storage,SoundMax,ValueChain,2090.06,3469.5,4/19/2024
5052,NovaTech Women's Wear 52,Fashion,Women's Wear,NovaTech,GlobalTrade,1688.48,1998.02,3/20/2023
5053,Voltix Personal Care 53,Beauty,Personal Care,Voltix,PrimeSupply,603.41,794.83,4/6/2024
5054,PureHarvest Household 54,Grocery,Household,PureHarvest,PrimeSupply,602.72,925.4,9/21/2024
5055,Voltix Women's Wear 55,Fashion,Women's Wear,Voltix,MetroDistributors,1721.77,2277.84,1/3/2024
5056,StyleHub Women's Wear 56,Fashion,Women's Wear,StyleHub,ValueChain,275.33,422.17,9/9/2025
5057,ReadMore Skincare 57,Beauty,Skincare,ReadMore,GlobalTrade,830.07,991.06,5/22/2025
5058,PureHarvest Bags 58,Fashion,Bags,PureHarvest,RetailSource,1724.82,2065.13,4/11/2025
5059,StyleHub Non-Fiction 59,Books,Non-Fiction,StyleHub,PrimeSupply,465.06,698.38,12/13/2024
5060,UrbanNest Mobiles 60,Electronics,Mobiles,UrbanNest,RetailSource,1179.81,1821.91,9/8/2024
5061,StyleHub Bags 61,Fashion,Bags,StyleHub,MetroDistributors,705.06,968.45,10/23/2024
5062,PureSkin Watches 62,Accessories,Watches,PureSkin,PrimeSupply,1646.89,2726.44,4/21/2023
5063,KitchenPro Fitness 63,Sports,Fitness,KitchenPro,ValueChain,673.77,1009.96,7/26/2025
5064,TrailMaster Accessories 64,Fashion,Accessories,TrailMaster,ValueChain,770.95,1217.28,2/18/2025
5065,ReadMore Fiction 65,Books,Fiction,ReadMore,ValueChain,215.4,291.59,10/17/2023
5066,SoundMax Accessories 66,Fashion,Accessories,SoundMax,ValueChain,307.29,510.45,11/13/2024
5067,DailyFresh Bags 67,Fashion,Bags,DailyFresh,PrimeSupply,2249.58,2821.92,2/18/2024
5068,TrailMaster Furniture 68,Home & Kitchen,Furniture,TrailMaster,RetailSource,1709.53,2230.33,7/22/2025
5069,SoundMax Computing 69,Electronics,Computing,SoundMax,RetailSource,2004.17,2312.96,6/19/2024
5070,ReadMore Mobiles 70,Electronics,Mobiles,ReadMore,PrimeSupply,5368.12,6767.18,12/10/2024
5071,TrendLine Academic 71,Books,Academic,TrendLine,ValueChain,266.89,438.11,7/8/2023
5072,NovaTech Bags 72,Fashion,Bags,NovaTech,PrimeSupply,298.93,417.63,4/14/2023
5073,SoundMax Gadgets 73,Accessories,Gadgets,SoundMax,MetroDistributors,1694.58,2659.36,6/19/2025
5074,SoundMax Mobiles 74,Electronics,Mobiles,SoundMax,GlobalTrade,2100.1,2561.91,9/1/2024
5075,UrbanWear Appliances 75,Home & Kitchen,Appliances,UrbanWear,RetailSource,3025.88,3534.57,10/26/2024
5076,TrendLine Yoga 76,Sports,Yoga,TrendLine,RetailSource,1381.79,1706.4,2/8/2024
5077,HomeCraft Audio 77,Electronics,Audio,HomeCraft,GlobalTrade,5323.73,6948.45,9/22/2024
5078,TravelMate Skincare 78,Beauty,Skincare,TravelMate,RetailSource,395.54,616.42,2/26/2024
5079,NovaTech Cameras 79,Electronics,Cameras,NovaTech,MetroDistributors,1451.32,2074.16,9/28/2024
5080,TravelMate Audio 80,Electronics,Audio,TravelMate,RetailSource,5804.09,8474.52,9/24/2024
5081,TechEdge Personal Care 81,Beauty,Personal Care,TechEdge,GlobalTrade,181.42,298.67,8/9/2023
5082,PixelPro Skincare 82,Beauty,Skincare,PixelPro,GlobalTrade,254.6,330.92,6/18/2025
5083,TrendLine Decor 83,Home & Kitchen,Decor,TrendLine,MetroDistributors,528.63,796.8,8/3/2025
5084,PageTurner Furniture 84,Home & Kitchen,Furniture,PageTurner,GlobalTrade,790.75,986.38,1/29/2025
5085,FitPro Storage 85,Home & Kitchen,Storage,FitPro,RetailSource,1147.01,1444.28,1/21/2023
5086,ReadMore Accessories 86,Electronics,Accessories,ReadMore,ValueChain,4593.98,6362.89,1/23/2023
5087,StyleHub Stationery 87,Accessories,Stationery,StyleHub,RetailSource,749.4,901.25,3/15/2025
5088,PureHarvest Cycling 88,Sports,Cycling,PureHarvest,GlobalTrade,2829.87,3649.87,5/27/2023
5089,ReadMore Mobiles 89,Electronics,Mobiles,ReadMore,MetroDistributors,2667.32,3304.07,9/4/2025
5090,NovaTech Men's Wear 90,Fashion,Men's Wear,NovaTech,ValueChain,2240.51,3210.44,12/30/2023
5091,TrendLine Mobiles 91,Electronics,Mobiles,TrendLine,MetroDistributors,1632.55,1985.54,6/26/2023
5092,TravelMate Kitchen 92,Home & Kitchen,Kitchen,TravelMate,RetailSource,1412.21,1714.59,11/15/2024
5093,PageTurner Stationery 93,Accessories,Stationery,PageTurner,MetroDistributors,810.83,1029.45,11/16/2024
5094,DailyFresh Mobiles 94,Electronics,Mobiles,DailyFresh,PrimeSupply,2034.84,3159.68,9/26/2024
5095,PageTurner Beverages 95,Grocery,Beverages,PageTurner,PrimeSupply,280.04,330.98,2/7/2025
5096,PureSkin Organic 96,Grocery,Organic,PureSkin,RetailSource,133.84,219.01,5/18/2024
5097,UrbanNest Children 97,Books,Children,UrbanNest,RetailSource,568.23,871.46,11/11/2023
5098,SoundMax Footwear 98,Fashion,Footwear,SoundMax,ValueChain,2125.14,2492.7,3/6/2024
5099,KitchenPro Decor 99,Home & Kitchen,Decor,KitchenPro,RetailSource,598.11,684.01,9/21/2024
5100,HomeCraft Staples 100,Grocery,Staples,HomeCraft,ValueChain,71.04,112.24,2/28/2025
5101,PageTurner Snacks 101,Grocery,Snacks,PageTurner,MetroDistributors,65.64,88.65,3/7/2024
5102,UrbanNest Fragrance 102,Beauty,Fragrance,UrbanNest,GlobalTrade,269.68,427.89,4/6/2023
5103,UrbanNest Cameras 103,Electronics,Cameras,UrbanNest,ValueChain,4260.88,6553.17,2/6/2024
5104,PureHarvest Decor 104,Home & Kitchen,Decor,PureHarvest,PrimeSupply,794.61,1319.25,8/18/2024
5105,Voltix Accessories 105,Electronics,Accessories,Voltix,MetroDistributors,5211.78,7611.16,2/12/2025
5106,PageTurner Accessories 106,Electronics,Accessories,PageTurner,RetailSource,3757.92,4824.54,3/19/2025
5107,UrbanNest Skincare 107,Beauty,Skincare,UrbanNest,MetroDistributors,741.32,1238.72,2/28/2025
5108,TimeCraft Beverages 108,Grocery,Beverages,TimeCraft,PrimeSupply,149.6,188.36,9/30/2023
5109,TravelMate Yoga 109,Sports,Yoga,TravelMate,GlobalTrade,442.92,757.05,1/24/2023
5110,UrbanWear Outdoor 110,Sports,Outdoor,UrbanWear,GlobalTrade,872.31,1479.16,7/22/2023
5111,ReadMore Fiction 111,Books,Fiction,ReadMore,RetailSource,428.89,541.55,4/30/2023
5112,TimeCraft Fitness 112,Sports,Fitness,TimeCraft,ValueChain,1378.12,1653.68,11/4/2024
5113,PureSkin Bags 113,Fashion,Bags,PureSkin,ValueChain,789.9,1057.24,9/28/2023
5114,PureHarvest Household 114,Grocery,Household,PureHarvest,MetroDistributors,291.17,381.2,6/25/2023
5115,TrailMaster Decor 115,Home & Kitchen,Decor,TrailMaster,PrimeSupply,991.65,1606.82,6/23/2024
5116,NovaTech Watches 116,Accessories,Watches,NovaTech,MetroDistributors,196.63,325.98,5/3/2024
5117,PureSkin Computing 117,Electronics,Computing,PureSkin,ValueChain,2960.65,4282.5,12/4/2024
5118,HomeCraft Outdoor 118,Sports,Outdoor,HomeCraft,RetailSource,430.61,514.82,7/11/2025
5119,PureSkin Personal Care 119,Beauty,Personal Care,PureSkin,PrimeSupply,749.94,1229.82,3/25/2023
5120,ReadMore Footwear 120,Fashion,Footwear,ReadMore,PrimeSupply,1022.75,1232.61,3/2/2023
5121,Voltix Women's Wear 121,Fashion,Women's Wear,Voltix,ValueChain,1362.48,2253,3/27/2025
5122,FitPro Computing 122,Electronics,Computing,FitPro,PrimeSupply,4367.52,5293.06,6/28/2025
5123,GlowCare Children 123,Books,Children,GlowCare,GlobalTrade,211.51,353.66,12/2/2023
5124,Voltix Footwear 124,Fashion,Footwear,Voltix,MetroDistributors,502.3,606.08,7/10/2023
5125,PageTurner Footwear 125,Fashion,Footwear,PageTurner,PrimeSupply,1314.36,1832.96,10/26/2023
5126,ReadMore Organic 126,Grocery,Organic,ReadMore,RetailSource,96.8,139.28,4/27/2024
5127,NovaTech Haircare 127,Beauty,Haircare,NovaTech,MetroDistributors,1195.11,1916.96,1/12/2023
5128,KitchenPro Staples 128,Grocery,Staples,KitchenPro,RetailSource,50.24,81.43,5/13/2023
5129,SoundMax Accessories 129,Electronics,Accessories,SoundMax,ValueChain,3948.88,4936.94,2/4/2023
5130,PureSkin Decor 130,Home & Kitchen,Decor,PureSkin,PrimeSupply,374.01,635.38,12/10/2024
5131,PureHarvest Decor 131,Home & Kitchen,Decor,PureHarvest,RetailSource,444.19,538.66,3/20/2024
5132,TimeCraft Household 132,Grocery,Household,TimeCraft,GlobalTrade,321.51,492.65,9/24/2025
5133,UrbanWear Children 133,Books,Children,UrbanWear,RetailSource,172.08,261.16,3/20/2024
5134,HomeCraft Staples 134,Grocery,Staples,HomeCraft,PrimeSupply,406.1,635.34,10/30/2023
5135,KitchenPro Personal Care 135,Beauty,Personal Care,KitchenPro,MetroDistributors,1121.05,1288.27,11/3/2023
5136,SoundMax Kitchen 136,Home & Kitchen,Kitchen,SoundMax,GlobalTrade,3506.88,4931.17,7/13/2025
5137,UrbanNest Bags 137,Fashion,Bags,UrbanNest,ValueChain,889.12,1018.85,7/8/2023
5138,FitPro Personal Care 138,Beauty,Personal Care,FitPro,ValueChain,750.99,903.53,12/30/2024
5139,NovaTech Computing 139,Electronics,Computing,NovaTech,GlobalTrade,3577.71,4345.91,5/29/2025
5140,PageTurner Outdoor 140,Sports,Outdoor,PageTurner,MetroDistributors,1804.22,2114.29,8/23/2025
5141,DailyFresh Household 141,Grocery,Household,DailyFresh,RetailSource,279.29,406.62,3/26/2023
5142,KitchenPro Appliances 142,Home & Kitchen,Appliances,KitchenPro,ValueChain,833.49,1378,11/2/2024
5143,ReadMore Yoga 143,Sports,Yoga,ReadMore,ValueChain,936.88,1430.68,3/21/2025
5144,StyleHub Women's Wear 144,Fashion,Women's Wear,StyleHub,ValueChain,674,1049.05,11/13/2024
5145,TravelMate Audio 145,Electronics,Audio,TravelMate,GlobalTrade,5769.12,7630.06,4/21/2025
5146,TrendLine Appliances 146,Home & Kitchen,Appliances,TrendLine,RetailSource,4986.01,5977.99,8/1/2025
5147,PureSkin Haircare 147,Beauty,Haircare,PureSkin,PrimeSupply,1137.15,1574.46,5/30/2025
5148,DailyFresh Children 148,Books,Children,DailyFresh,GlobalTrade,138.5,200.03,12/28/2024
5149,HomeCraft Women's Wear 149,Fashion,Women's Wear,HomeCraft,GlobalTrade,326.4,531.81,7/14/2023
5150,TrailMaster Decor 150,Home & Kitchen,Decor,TrailMaster,RetailSource,2772.06,4054.47,4/27/2025
5151,DailyFresh Mobiles 151,Electronics,Mobiles,DailyFresh,ValueChain,1548.2,2618.92,11/15/2024
5152,HomeCraft Non-Fiction 152,Books,Non-Fiction,HomeCraft,PrimeSupply,588.41,884.25,10/12/2023
5153,ReadMore Bags 153,Fashion,Bags,ReadMore,RetailSource,649.2,883.57,10/8/2024
5154,HomeCraft Outdoor 154,Sports,Outdoor,HomeCraft,ValueChain,566.79,906.6,6/18/2023
5155,PureSkin Furniture 155,Home & Kitchen,Furniture,PureSkin,GlobalTrade,892.75,1104.2,4/13/2025
5156,KitchenPro Academic 156,Books,Academic,KitchenPro,ValueChain,177.94,234.24,10/2/2024
5157,FitPro Women's Wear 157,Fashion,Women's Wear,FitPro,PrimeSupply,974.07,1544.9,10/6/2024
5158,TechEdge Mobiles 158,Electronics,Mobiles,TechEdge,RetailSource,6824.58,7972.88,9/10/2023
5159,DailyFresh Haircare 159,Beauty,Haircare,DailyFresh,ValueChain,213.63,277.02,6/1/2023
5160,PixelPro Children 160,Books,Children,PixelPro,GlobalTrade,491.4,808.51,3/5/2024
5161,UrbanNest Jewelry 161,Accessories,Jewelry,UrbanNest,MetroDistributors,250.68,315.6,12/16/2023
5162,DailyFresh Stationery 162,Accessories,Stationery,DailyFresh,PrimeSupply,1627.03,2300.48,5/5/2025
5163,PixelPro Women's Wear 163,Fashion,Women's Wear,PixelPro,RetailSource,781.55,968.53,9/11/2025
5164,DailyFresh Yoga 164,Sports,Yoga,DailyFresh,PrimeSupply,445.5,525.69,9/23/2024
5165,UrbanWear Personal Care 165,Beauty,Personal Care,UrbanWear,PrimeSupply,718.92,1082.91,3/8/2025
5166,HomeCraft Skincare 166,Beauty,Skincare,HomeCraft,GlobalTrade,386.64,553.76,8/1/2025
5167,DailyFresh Audio 167,Electronics,Audio,DailyFresh,ValueChain,2021.65,2313.85,1/4/2025
5168,DailyFresh Fitness 168,Sports,Fitness,DailyFresh,ValueChain,432.03,509.32,12/21/2023
5169,PureHarvest Watches 169,Accessories,Watches,PureHarvest,PrimeSupply,2329.51,2878.79,8/21/2023
5170,GlowCare Cameras 170,Electronics,Cameras,GlowCare,PrimeSupply,1432.65,2233.68,10/8/2023
5171,Voltix Furniture 171,Home & Kitchen,Furniture,Voltix,MetroDistributors,1047.67,1280.59,11/11/2023
5172,TrailMaster Computing 172,Electronics,Computing,TrailMaster,ValueChain,2151.3,2566.3,8/2/2023
5173,TrailMaster Women's Wear 173,Fashion,Women's Wear,TrailMaster,RetailSource,321.55,475.7,11/6/2024
5174,PureHarvest Men's Wear 174,Fashion,Men's Wear,PureHarvest,RetailSource,867.88,1038.79,9/3/2025
5175,PageTurner Men's Wear 175,Fashion,Men's Wear,PageTurner,MetroDistributors,1950.71,2231.26,9/16/2023
5176,KitchenPro Accessories 176,Fashion,Accessories,KitchenPro,RetailSource,856.91,1017.95,3/5/2024
5177,StyleHub Beverages 177,Grocery,Beverages,StyleHub,MetroDistributors,61.65,86.25,7/30/2025
5178,FitPro Decor 178,Home & Kitchen,Decor,FitPro,PrimeSupply,640.22,744.93,7/9/2025
5179,ReadMore Fiction 179,Books,Fiction,ReadMore,PrimeSupply,254.49,405.94,1/26/2023
5180,KitchenPro Academic 180,Books,Academic,KitchenPro,PrimeSupply,352.52,411.77,12/11/2023
5181,HomeCraft Fragrance 181,Beauty,Fragrance,HomeCraft,GlobalTrade,361.61,484.62,12/16/2023
5182,PureHarvest Decor 182,Home & Kitchen,Decor,PureHarvest,RetailSource,800.85,1028.4,10/15/2023
5183,TravelMate Stationery 183,Accessories,Stationery,TravelMate,GlobalTrade,462.85,774.95,7/30/2025
5184,KitchenPro Footwear 184,Fashion,Footwear,KitchenPro,RetailSource,1876.52,2292.11,2/9/2025
5185,SoundMax Cameras 185,Electronics,Cameras,SoundMax,PrimeSupply,4851.68,6370.07,3/6/2023
5186,FitPro Mobiles 186,Electronics,Mobiles,FitPro,RetailSource,4648.75,6690.12,9/10/2024
5187,NovaTech Organic 187,Grocery,Organic,NovaTech,PrimeSupply,388.06,503.08,7/30/2024
5188,Voltix Mobiles 188,Electronics,Mobiles,Voltix,GlobalTrade,4029.11,5672.47,6/8/2024
5189,GlowCare Bags 189,Fashion,Bags,GlowCare,MetroDistributors,1095.48,1530.24,12/22/2024
5190,UrbanNest Team Sports 190,Sports,Team Sports,UrbanNest,PrimeSupply,337.75,457.83,3/16/2024
5191,SoundMax Makeup 191,Beauty,Makeup,SoundMax,MetroDistributors,231.81,279.48,12/12/2024
5192,UrbanNest Team Sports 192,Sports,Team Sports,UrbanNest,GlobalTrade,958.81,1264.68,4/11/2024
5193,TrailMaster Footwear 193,Fashion,Footwear,TrailMaster,ValueChain,372.3,443.83,8/3/2025
5194,PageTurner Cycling 194,Sports,Cycling,PageTurner,MetroDistributors,727.42,1233.54,4/14/2025
5195,PageTurner Mobiles 195,Electronics,Mobiles,PageTurner,ValueChain,2552.59,3937.75,2/23/2023
5196,KitchenPro Appliances 196,Home & Kitchen,Appliances,KitchenPro,MetroDistributors,1281.26,1557.8,6/3/2023
5197,FitPro Computing 197,Electronics,Computing,FitPro,RetailSource,1429.13,1862.42,2/4/2024
5198,KitchenPro Men's Wear 198,Fashion,Men's Wear,KitchenPro,PrimeSupply,2300.07,2939.19,2/21/2023
5199,FitPro Accessories 199,Electronics,Accessories,FitPro,PrimeSupply,2189.53,3257.33,3/11/2023
5200,NovaTech Fragrance 200,Beauty,Fragrance,NovaTech,MetroDistributors,865.92,1241.48,1/6/2023
5201,UrbanWear Kitchen 201,Home & Kitchen,Kitchen,UrbanWear,MetroDistributors,710.05,1190.52,6/18/2025
5202,KitchenPro Men's Wear 202,Fashion,Men's Wear,KitchenPro,PrimeSupply,680.88,859.27,5/10/2024
5203,TrailMaster Accessories 203,Electronics,Accessories,TrailMaster,PrimeSupply,4191.38,6992.23,2/20/2025
5204,HomeCraft Accessories 204,Fashion,Accessories,HomeCraft,MetroDistributors,2293.53,3185.3,3/29/2025
5205,KitchenPro Organic 205,Grocery,Organic,KitchenPro,PrimeSupply,695.16,842.74,6/15/2023
5206,GlowCare Decor 206,Home & Kitchen,Decor,GlowCare,RetailSource,3190.61,4889.5,11/1/2024
5207,FitPro Comics 207,Books,Comics,FitPro,GlobalTrade,277.44,344.03,9/10/2024
5208,UrbanWear Footwear 208,Fashion,Footwear,UrbanWear,MetroDistributors,1560.25,2078.05,9/17/2025
5209,PureHarvest Kitchen 209,Home & Kitchen,Kitchen,PureHarvest,PrimeSupply,3837.18,6153.07,5/23/2025
5210,TravelMate Appliances 210,Home & Kitchen,Appliances,TravelMate,PrimeSupply,2961.31,3797.22,9/1/2024
5211,PureSkin Furniture 211,Home & Kitchen,Furniture,PureSkin,PrimeSupply,2026.61,3102.49,11/7/2024
5212,GlowCare Fiction 212,Books,Fiction,GlowCare,MetroDistributors,299.3,351.45,5/24/2024
5213,TrendLine Storage 213,Home & Kitchen,Storage,TrendLine,MetroDistributors,2609.6,3296.36,8/7/2024
5214,SoundMax Stationery 214,Accessories,Stationery,SoundMax,MetroDistributors,248.48,286.53,8/4/2024
5215,UrbanWear Yoga 215,Sports,Yoga,UrbanWear,RetailSource,642.1,883.2,6/3/2025
5216,ReadMore Men's Wear 216,Fashion,Men's Wear,ReadMore,PrimeSupply,309.09,434.74,6/1/2025
5217,TrailMaster Gadgets 217,Accessories,Gadgets,TrailMaster,GlobalTrade,1583.33,2259.89,8/10/2023
5218,SoundMax Decor 218,Home & Kitchen,Decor,SoundMax,PrimeSupply,1555.92,1920.13,1/15/2023
5219,PixelPro Academic 219,Books,Academic,PixelPro,PrimeSupply,261.68,373.91,9/18/2023
5220,DailyFresh Kitchen 220,Home & Kitchen,Kitchen,DailyFresh,MetroDistributors,2830.31,4598.78,4/11/2024
5221,PageTurner Fragrance 221,Beauty,Fragrance,PageTurner,RetailSource,551.04,668,8/9/2023
5222,UrbanWear Computing 222,Electronics,Computing,UrbanWear,RetailSource,3342.7,5619.6,2/16/2024
5223,TimeCraft Organic 223,Grocery,Organic,TimeCraft,PrimeSupply,622.41,1070.71,3/9/2024
5224,SoundMax Men's Wear 224,Fashion,Men's Wear,SoundMax,MetroDistributors,434.77,691.3,8/11/2025
5225,PageTurner Fragrance 225,Beauty,Fragrance,PageTurner,ValueChain,244.92,279.75,3/15/2024
5226,TravelMate Watches 226,Accessories,Watches,TravelMate,PrimeSupply,1046.65,1240.06,7/7/2023
5227,StyleHub Audio 227,Electronics,Audio,StyleHub,ValueChain,2946.86,3362.98,2/13/2024
5228,TrendLine Travel 228,Accessories,Travel,TrendLine,PrimeSupply,206.8,252.99,1/26/2023
5229,Voltix Skincare 229,Beauty,Skincare,Voltix,ValueChain,651.56,834.88,1/30/2023
5230,DailyFresh Children 230,Books,Children,DailyFresh,MetroDistributors,332.04,484.51,9/23/2024
5231,PageTurner Footwear 231,Fashion,Footwear,PageTurner,ValueChain,252.11,402.93,9/9/2023
5232,UrbanWear Snacks 232,Grocery,Snacks,UrbanWear,PrimeSupply,57.82,93.54,9/17/2024
5233,Voltix Snacks 233,Grocery,Snacks,Voltix,RetailSource,684.86,1124.67,2/7/2023
5234,StyleHub Footwear 234,Fashion,Footwear,StyleHub,PrimeSupply,841.6,1296.56,11/16/2023
5235,StyleHub Academic 235,Books,Academic,StyleHub,RetailSource,128.64,214.8,7/27/2024
5236,UrbanNest Stationery 236,Accessories,Stationery,UrbanNest,PrimeSupply,152.23,213.04,6/23/2024
5237,DailyFresh Academic 237,Books,Academic,DailyFresh,PrimeSupply,250.84,391.37,8/16/2024
5238,UrbanNest Travel 238,Accessories,Travel,UrbanNest,ValueChain,1174.57,1504.03,8/19/2024
5239,PixelPro Children 239,Books,Children,PixelPro,MetroDistributors,135.24,210.75,11/18/2023
5240,ReadMore Appliances 240,Home & Kitchen,Appliances,ReadMore,GlobalTrade,5218.79,6135.14,12/20/2023
5241,PageTurner Snacks 241,Grocery,Snacks,PageTurner,RetailSource,422.23,582.15,2/12/2024
5242,NovaTech Outdoor 242,Sports,Outdoor,NovaTech,RetailSource,745.32,851.15,2/25/2024
5243,TrailMaster Computing 243,Electronics,Computing,TrailMaster,MetroDistributors,4851.27,5772.63,2/25/2025
5244,TrendLine Audio 244,Electronics,Audio,TrendLine,RetailSource,5667.55,7078.92,5/22/2023
5245,TrailMaster Furniture 245,Home & Kitchen,Furniture,TrailMaster,GlobalTrade,1815.62,2284.59,7/15/2024
5246,HomeCraft Fiction 246,Books,Fiction,HomeCraft,GlobalTrade,545.85,646.09,2/10/2025
5247,TechEdge Academic 247,Books,Academic,TechEdge,ValueChain,222.63,306.1,12/8/2023
5248,GlowCare Household 248,Grocery,Household,GlowCare,PrimeSupply,275.76,390.52,1/25/2024
5249,SoundMax Accessories 249,Electronics,Accessories,SoundMax,RetailSource,1779.18,2045.35,11/8/2024
5250,Voltix Audio 250,Electronics,Audio,Voltix,GlobalTrade,2290.48,2636.71,10/7/2024
5251,NovaTech Storage 251,Home & Kitchen,Storage,NovaTech,GlobalTrade,759.15,880.46,7/7/2024
5252,UrbanNest Fitness 252,Sports,Fitness,UrbanNest,PrimeSupply,1216.47,1433.44,3/2/2024
5253,TimeCraft Household 253,Grocery,Household,TimeCraft,PrimeSupply,159.88,246.29,2/16/2023
5254,GlowCare Snacks 254,Grocery,Snacks,GlowCare,ValueChain,460.87,647.88,6/12/2023
5255,PageTurner Kitchen 255,Home & Kitchen,Kitchen,PageTurner,ValueChain,389.03,541.08,5/2/2024
5256,PageTurner Children 256,Books,Children,PageTurner,MetroDistributors,179.97,253.67,12/1/2024
5257,PixelPro Yoga 257,Sports,Yoga,PixelPro,ValueChain,2524.92,3605.28,7/22/2023
5258,TimeCraft Jewelry 258,Accessories,Jewelry,TimeCraft,ValueChain,2087.79,2554.13,2/22/2024
5259,TechEdge Academic 259,Books,Academic,TechEdge,PrimeSupply,218.92,262.07,9/5/2023
5260,HomeCraft Fragrance 260,Beauty,Fragrance,HomeCraft,ValueChain,259.93,296.43,7/5/2023
5261,FitPro Comics 261,Books,Comics,FitPro,ValueChain,769.05,1033,6/18/2025
5262,TrendLine Appliances 262,Home & Kitchen,Appliances,TrendLine,PrimeSupply,3449.49,5556.53,7/22/2025
5263,Voltix Children 263,Books,Children,Voltix,ValueChain,426,704.55,9/11/2025
5264,UrbanNest Children 264,Books,Children,UrbanNest,MetroDistributors,161.83,259.73,6/12/2025
5265,UrbanWear Organic 265,Grocery,Organic,UrbanWear,ValueChain,353.18,504.44,2/8/2024
5266,PureSkin Storage 266,Home & Kitchen,Storage,PureSkin,RetailSource,1486.42,2444.15,12/28/2024
5267,ReadMore Household 267,Grocery,Household,ReadMore,MetroDistributors,818.54,989.88,10/11/2023
5268,UrbanNest Computing 268,Electronics,Computing,UrbanNest,MetroDistributors,1636.22,2049.86,7/30/2024
5269,UrbanWear Non-Fiction 269,Books,Non-Fiction,UrbanWear,MetroDistributors,688.06,808.64,9/10/2023
5270,PixelPro Gadgets 270,Accessories,Gadgets,PixelPro,ValueChain,912.58,1200.39,9/17/2024
5271,TravelMate Computing 271,Electronics,Computing,TravelMate,PrimeSupply,4955.04,7815.59,2/27/2024
5272,PureSkin Yoga 272,Sports,Yoga,PureSkin,GlobalTrade,1047,1367.19,12/27/2023
5273,HomeCraft Yoga 273,Sports,Yoga,HomeCraft,PrimeSupply,2432.62,3015.53,3/28/2023
5274,NovaTech Staples 274,Grocery,Staples,NovaTech,MetroDistributors,209.24,348.44,9/20/2023
5275,TimeCraft Audio 275,Electronics,Audio,TimeCraft,PrimeSupply,2858.22,4755.98,3/16/2024
5276,NovaTech Beverages 276,Grocery,Beverages,NovaTech,GlobalTrade,183.04,264.81,8/15/2024
5277,TechEdge Watches 277,Accessories,Watches,TechEdge,MetroDistributors,1681.84,2552.83,4/15/2025
5278,PureHarvest Cycling 278,Sports,Cycling,PureHarvest,ValueChain,2257.29,3580.8,1/10/2025
5279,UrbanNest Men's Wear 279,Fashion,Men's Wear,UrbanNest,GlobalTrade,379.99,473.53,6/29/2024
5280,PureHarvest Yoga 280,Sports,Yoga,PureHarvest,GlobalTrade,1475.45,2406.97,5/10/2024
5281,GlowCare Computing 281,Electronics,Computing,GlowCare,PrimeSupply,5146.53,6547.31,4/13/2024
5282,GlowCare Children 282,Books,Children,GlowCare,GlobalTrade,371.94,545.7,6/14/2025
5283,TimeCraft Computing 283,Electronics,Computing,TimeCraft,MetroDistributors,2560.49,3638.66,4/17/2025
5284,NovaTech Decor 284,Home & Kitchen,Decor,NovaTech,ValueChain,4493.53,6270.67,1/24/2024
5285,UrbanNest Cameras 285,Electronics,Cameras,UrbanNest,RetailSource,1793.55,2461.07,7/18/2024
5286,UrbanNest Non-Fiction 286,Books,Non-Fiction,UrbanNest,PrimeSupply,145.6,216.18,1/12/2024
5287,PageTurner Personal Care 287,Beauty,Personal Care,PageTurner,GlobalTrade,1203.69,1777.34,7/20/2024
5288,UrbanNest Yoga 288,Sports,Yoga,UrbanNest,RetailSource,2214.33,3346.46,3/1/2024
5289,PureHarvest Mobiles 289,Electronics,Mobiles,PureHarvest,MetroDistributors,2615.13,3639.5,4/30/2025
5290,PageTurner Men's Wear 290,Fashion,Men's Wear,PageTurner,RetailSource,967.91,1269.8,12/5/2024
5291,TimeCraft Footwear 291,Fashion,Footwear,TimeCraft,ValueChain,327.58,489.32,6/24/2023
5292,DailyFresh Cycling 292,Sports,Cycling,DailyFresh,RetailSource,367.12,448.37,1/28/2023
5293,PageTurner Cameras 293,Electronics,Cameras,PageTurner,RetailSource,2181.91,3736.96,8/18/2025
5294,UrbanNest Outdoor 294,Sports,Outdoor,UrbanNest,PrimeSupply,539.36,840.66,12/20/2023
5295,PageTurner Footwear 295,Fashion,Footwear,PageTurner,ValueChain,808.31,993.58,6/1/2023
5296,UrbanWear Organic 296,Grocery,Organic,UrbanWear,PrimeSupply,73.37,85.97,1/12/2025
5297,UrbanNest Footwear 297,Fashion,Footwear,UrbanNest,GlobalTrade,750.6,987.7,4/18/2024
5298,Voltix Cameras 298,Electronics,Cameras,Voltix,RetailSource,4248.63,4932.61,7/8/2024
5299,PureHarvest Cameras 299,Electronics,Cameras,PureHarvest,ValueChain,2481.61,2842.71,9/28/2024
5300,PageTurner Kitchen 300,Home & Kitchen,Kitchen,PageTurner,RetailSource,3560.12,4679.84,11/6/2023
5301,SoundMax Furniture 301,Home & Kitchen,Furniture,SoundMax,RetailSource,1492.27,2237.85,7/21/2024
5302,UrbanNest Children 302,Books,Children,UrbanNest,ValueChain,219.85,261.87,10/18/2024
5303,PureSkin Children 303,Books,Children,PureSkin,GlobalTrade,305.31,501.34,9/5/2024
5304,TrailMaster Accessories 304,Electronics,Accessories,TrailMaster,MetroDistributors,5962.45,7571.1,6/20/2025
5305,KitchenPro Snacks 305,Grocery,Snacks,KitchenPro,PrimeSupply,127.3,164.48,1/27/2024
5306,TrailMaster Audio 306,Electronics,Audio,TrailMaster,RetailSource,1577.68,2671.12,5/20/2024
5307,HomeCraft Non-Fiction 307,Books,Non-Fiction,HomeCraft,MetroDistributors,132.61,161.21,1/20/2025
5308,TechEdge Computing 308,Electronics,Computing,TechEdge,GlobalTrade,1175.17,1883.88,1/9/2025
5309,SoundMax Men's Wear 309,Fashion,Men's Wear,SoundMax,MetroDistributors,902.73,1112.3,9/23/2025
5310,PureHarvest Fiction 310,Books,Fiction,PureHarvest,ValueChain,289.5,341.32,7/18/2023
5311,FitPro Kitchen 311,Home & Kitchen,Kitchen,FitPro,PrimeSupply,392.74,659.03,7/9/2025
5312,DailyFresh Audio 312,Electronics,Audio,DailyFresh,PrimeSupply,3798.79,5518.35,4/17/2024
5313,GlowCare Non-Fiction 313,Books,Non-Fiction,GlowCare,PrimeSupply,293.88,400.9,8/4/2023
5314,PureSkin Yoga 314,Sports,Yoga,PureSkin,ValueChain,2240.02,2591.77,10/19/2023
5315,KitchenPro Snacks 315,Grocery,Snacks,KitchenPro,GlobalTrade,348.56,487.6,12/18/2023
5316,SoundMax Outdoor 316,Sports,Outdoor,SoundMax,ValueChain,685.12,840.33,9/19/2025
5317,PageTurner Computing 317,Electronics,Computing,PageTurner,GlobalTrade,4326.64,7204.66,4/20/2023
5318,TechEdge Cycling 318,Sports,Cycling,TechEdge,ValueChain,418.18,504.41,8/7/2023
5319,PureHarvest Snacks 319,Grocery,Snacks,PureHarvest,RetailSource,315.58,487.16,12/15/2024
5320,SoundMax Audio 320,Electronics,Audio,SoundMax,GlobalTrade,2389.2,3969.21,8/5/2025
5321,TravelMate Mobiles 321,Electronics,Mobiles,TravelMate,RetailSource,6178.33,7336.61,3/21/2023
5322,StyleHub Fitness 322,Sports,Fitness,StyleHub,PrimeSupply,482.36,564.67,2/13/2024
5323,HomeCraft Fiction 323,Books,Fiction,HomeCraft,PrimeSupply,660.07,926.14,2/13/2024
5324,HomeCraft Bags 324,Fashion,Bags,HomeCraft,MetroDistributors,2038.04,3082.19,5/13/2024
5325,TrailMaster Fiction 325,Books,Fiction,TrailMaster,MetroDistributors,579.03,687.31,2/2/2025
5326,DailyFresh Mobiles 326,Electronics,Mobiles,DailyFresh,RetailSource,1289.71,2146.96,6/7/2024
5327,StyleHub Women's Wear 327,Fashion,Women's Wear,StyleHub,ValueChain,662.92,1139.39,5/19/2023
5328,StyleHub Comics 328,Books,Comics,StyleHub,GlobalTrade,203.66,293.64,8/30/2023
5329,PureHarvest Kitchen 329,Home & Kitchen,Kitchen,PureHarvest,GlobalTrade,1867.8,2172.93,1/8/2025
5330,StyleHub Men's Wear 330,Fashion,Men's Wear,StyleHub,RetailSource,742.88,1232.61,8/27/2023
5331,KitchenPro Team Sports 331,Sports,Team Sports,KitchenPro,GlobalTrade,885.78,1199.9,5/11/2024
5332,TimeCraft Bags 332,Fashion,Bags,TimeCraft,MetroDistributors,1181.28,1829.21,1/12/2024
5333,ReadMore Beverages 333,Grocery,Beverages,ReadMore,ValueChain,560.61,753.09,3/14/2024
5334,PureSkin Stationery 334,Accessories,Stationery,PureSkin,GlobalTrade,491.23,665.63,1/15/2025
5335,NovaTech Yoga 335,Sports,Yoga,NovaTech,RetailSource,2509.95,4174.59,9/1/2023
5336,UrbanWear Children 336,Books,Children,UrbanWear,GlobalTrade,435.2,547.63,12/1/2024
5337,TravelMate Beverages 337,Grocery,Beverages,TravelMate,RetailSource,759.4,916.35,1/31/2025
5338,TravelMate Children 338,Books,Children,TravelMate,MetroDistributors,141.52,187.28,9/24/2025
5339,TrailMaster Non-Fiction 339,Books,Non-Fiction,TrailMaster,RetailSource,539.02,623.71,3/27/2024
5340,StyleHub Mobiles 340,Electronics,Mobiles,StyleHub,PrimeSupply,1920.3,2978.33,3/30/2023
5341,PureHarvest Snacks 341,Grocery,Snacks,PureHarvest,ValueChain,407.55,476.86,10/29/2024
5342,PureSkin Decor 342,Home & Kitchen,Decor,PureSkin,MetroDistributors,555.81,839.03,1/29/2025
5343,SoundMax Accessories 343,Electronics,Accessories,SoundMax,MetroDistributors,1904.79,2171.72,2/1/2023
5344,UrbanWear Makeup 344,Beauty,Makeup,UrbanWear,MetroDistributors,1506.63,2165.26,7/14/2023
5345,KitchenPro Decor 345,Home & Kitchen,Decor,KitchenPro,PrimeSupply,1053.03,1502.45,12/10/2023
5346,TrailMaster Cameras 346,Electronics,Cameras,TrailMaster,ValueChain,3871.11,5293.11,5/26/2024
5347,Voltix Outdoor 347,Sports,Outdoor,Voltix,PrimeSupply,1312.79,1966.93,5/29/2024
5348,ReadMore Audio 348,Electronics,Audio,ReadMore,MetroDistributors,1808.99,2402.74,7/16/2023
5349,HomeCraft Organic 349,Grocery,Organic,HomeCraft,ValueChain,116.97,182.53,7/19/2023
5350,FitPro Watches 350,Accessories,Watches,FitPro,RetailSource,1024.53,1608.83,7/25/2025
5351,KitchenPro Fiction 351,Books,Fiction,KitchenPro,MetroDistributors,263.54,372.54,12/19/2024
5352,HomeCraft Furniture 352,Home & Kitchen,Furniture,HomeCraft,ValueChain,2393,3054.77,5/22/2024
5353,TrailMaster Fragrance 353,Beauty,Fragrance,TrailMaster,RetailSource,1606.24,2095.79,11/28/2023
5354,TimeCraft Mobiles 354,Electronics,Mobiles,TimeCraft,RetailSource,2699.73,4271.99,4/14/2024
5355,ReadMore Fitness 355,Sports,Fitness,ReadMore,ValueChain,1779.93,2439.85,8/23/2025
5356,TrendLine Kitchen 356,Home & Kitchen,Kitchen,TrendLine,MetroDistributors,981.67,1425.03,11/4/2023
5357,TimeCraft Women's Wear 357,Fashion,Women's Wear,TimeCraft,PrimeSupply,722.92,1029.21,11/27/2023
5358,DailyFresh Audio 358,Electronics,Audio,DailyFresh,PrimeSupply,5501.76,6522.81,3/24/2024
5359,TimeCraft Jewelry 359,Accessories,Jewelry,TimeCraft,MetroDistributors,1141.86,1321.83,7/8/2023
5360,NovaTech Kitchen 360,Home & Kitchen,Kitchen,NovaTech,MetroDistributors,2685.18,3285.61,4/21/2023
5361,DailyFresh Accessories 361,Fashion,Accessories,DailyFresh,ValueChain,932.95,1166.33,6/11/2025
5362,TrendLine Kitchen 362,Home & Kitchen,Kitchen,TrendLine,PrimeSupply,789.36,1141.72,11/15/2024
5363,TrailMaster Skincare 363,Beauty,Skincare,TrailMaster,PrimeSupply,468.5,638.52,12/3/2023
5364,TimeCraft Staples 364,Grocery,Staples,TimeCraft,PrimeSupply,1009.32,1196.56,7/24/2024
5365,TrendLine Mobiles 365,Electronics,Mobiles,TrendLine,GlobalTrade,2408.59,3340.92,5/11/2024
5366,TrailMaster Accessories 366,Electronics,Accessories,TrailMaster,RetailSource,5303.35,6668.51,4/10/2023
5367,TravelMate Computing 367,Electronics,Computing,TravelMate,GlobalTrade,2149.76,3392.81,1/24/2025
5368,PixelPro Personal Care 368,Beauty,Personal Care,PixelPro,PrimeSupply,493.72,792.26,4/13/2023
5369,PageTurner Cycling 369,Sports,Cycling,PageTurner,RetailSource,371.07,467.41,7/23/2024
5370,TrailMaster Beverages 370,Grocery,Beverages,TrailMaster,GlobalTrade,305.56,362.29,10/20/2023
5371,TechEdge Household 371,Grocery,Household,TechEdge,GlobalTrade,257.98,294.93,3/12/2024
5372,NovaTech Audio 372,Electronics,Audio,NovaTech,MetroDistributors,2448.98,4055.24,4/18/2024
5373,FitPro Staples 373,Grocery,Staples,FitPro,GlobalTrade,818.21,1043.27,3/11/2024
5374,UrbanNest Snacks 374,Grocery,Snacks,UrbanNest,RetailSource,48.96,80.75,8/11/2023
5375,KitchenPro Yoga 375,Sports,Yoga,KitchenPro,PrimeSupply,1114.17,1578.57,3/25/2023
5376,Voltix Accessories 376,Fashion,Accessories,Voltix,MetroDistributors,1785.72,2343.48,5/12/2023
5377,GlowCare Academic 377,Books,Academic,GlowCare,RetailSource,224.42,359.33,12/28/2024
5378,HomeCraft Yoga 378,Sports,Yoga,HomeCraft,MetroDistributors,866.56,1314.44,4/7/2023
5379,SoundMax Bags 379,Fashion,Bags,SoundMax,GlobalTrade,2170.31,2848.46,5/21/2024
5380,NovaTech Mobiles 380,Electronics,Mobiles,NovaTech,RetailSource,5884.3,7526.79,11/2/2023
5381,HomeCraft Skincare 381,Beauty,Skincare,HomeCraft,RetailSource,1488.16,1887.6,11/26/2024
5382,PureSkin Skincare 382,Beauty,Skincare,PureSkin,ValueChain,276.16,416.07,9/21/2024
5383,GlowCare Accessories 383,Electronics,Accessories,GlowCare,PrimeSupply,5156.3,7938.2,7/3/2023
5384,PageTurner Snacks 384,Grocery,Snacks,PageTurner,GlobalTrade,349.13,593.66,11/9/2024
5385,PureSkin Computing 385,Electronics,Computing,PureSkin,ValueChain,2709.41,4414.77,10/20/2024
5386,KitchenPro Furniture 386,Home & Kitchen,Furniture,KitchenPro,PrimeSupply,462.12,549.91,10/10/2023
5387,TimeCraft Men's Wear 387,Fashion,Men's Wear,TimeCraft,GlobalTrade,429.71,720.79,4/21/2025
5388,PureSkin Fitness 388,Sports,Fitness,PureSkin,GlobalTrade,492.91,644.26,3/16/2024
5389,PureSkin Cameras 389,Electronics,Cameras,PureSkin,MetroDistributors,1632.51,1905.92,2/4/2023
5390,TrendLine Children 390,Books,Children,TrendLine,MetroDistributors,428.59,503.82,9/20/2024
5391,UrbanWear Women's Wear 391,Fashion,Women's Wear,UrbanWear,ValueChain,1727.7,2812.66,3/26/2024
5392,TravelMate Kitchen 392,Home & Kitchen,Kitchen,TravelMate,PrimeSupply,1877.29,2466.5,12/27/2023
5393,UrbanWear Computing 393,Electronics,Computing,UrbanWear,GlobalTrade,5512.2,7513.35,3/26/2024
5394,DailyFresh Men's Wear 394,Fashion,Men's Wear,DailyFresh,RetailSource,469.52,604.81,9/5/2025
5395,SoundMax Women's Wear 395,Fashion,Women's Wear,SoundMax,MetroDistributors,620.85,879.31,1/24/2024
5396,TimeCraft Cameras 396,Electronics,Cameras,TimeCraft,RetailSource,2178.44,3433.24,11/23/2024
5397,PageTurner Men's Wear 397,Fashion,Men's Wear,PageTurner,RetailSource,1252.25,1556.82,4/30/2025
5398,DailyFresh Fragrance 398,Beauty,Fragrance,DailyFresh,ValueChain,397.4,599.37,8/1/2024
5399,KitchenPro Gadgets 399,Accessories,Gadgets,KitchenPro,PrimeSupply,328.57,385.42,6/9/2025
5400,FitPro Fiction 400,Books,Fiction,FitPro,ValueChain,498.87,658.14,5/12/2024
5401,PageTurner Cameras 401,Electronics,Cameras,PageTurner,MetroDistributors,1618.49,2198.57,8/14/2023
5402,SoundMax Bags 402,Fashion,Bags,SoundMax,GlobalTrade,1176.34,1348.59,5/6/2024
5403,FitPro Computing 403,Electronics,Computing,FitPro,RetailSource,4710.61,6430.46,5/4/2023
5404,PureHarvest Haircare 404,Beauty,Haircare,PureHarvest,GlobalTrade,164.24,264.28,10/19/2023
5405,DailyFresh Accessories 405,Fashion,Accessories,DailyFresh,GlobalTrade,841.36,1423.56,7/25/2023
5406,PageTurner Snacks 406,Grocery,Snacks,PageTurner,MetroDistributors,129.56,171.33,3/19/2023
5407,PureHarvest Women's Wear 407,Fashion,Women's Wear,PureHarvest,GlobalTrade,1020.67,1684.82,6/3/2023
5408,HomeCraft Staples 408,Grocery,Staples,HomeCraft,ValueChain,468.37,681.67,4/17/2025
5409,TrailMaster Personal Care 409,Beauty,Personal Care,TrailMaster,PrimeSupply,1200.88,1410.24,5/8/2025
5410,HomeCraft Women's Wear 410,Fashion,Women's Wear,HomeCraft,PrimeSupply,1359.25,1924.17,6/24/2025
5411,PureHarvest Kitchen 411,Home & Kitchen,Kitchen,PureHarvest,ValueChain,816.8,1010.35,1/25/2023
5412,GlowCare Kitchen 412,Home & Kitchen,Kitchen,GlowCare,MetroDistributors,883.05,1047.34,9/1/2025
5413,DailyFresh Non-Fiction 413,Books,Non-Fiction,DailyFresh,RetailSource,227.34,264.77,12/9/2023
5414,HomeCraft Organic 414,Grocery,Organic,HomeCraft,GlobalTrade,359.27,494.64,2/8/2024
5415,KitchenPro Decor 415,Home & Kitchen,Decor,KitchenPro,GlobalTrade,465.39,693.74,6/30/2023
5416,TravelMate Accessories 416,Fashion,Accessories,TravelMate,PrimeSupply,430.51,588.5,8/4/2025
5417,PureHarvest Decor 417,Home & Kitchen,Decor,PureHarvest,ValueChain,3451.28,5295.61,9/25/2025
5418,Voltix Men's Wear 418,Fashion,Men's Wear,Voltix,GlobalTrade,1000.5,1420.11,12/3/2024
5419,UrbanWear Household 419,Grocery,Household,UrbanWear,ValueChain,71.57,95.19,3/17/2023
5420,TechEdge Mobiles 420,Electronics,Mobiles,TechEdge,MetroDistributors,2176.55,2950.81,2/27/2024
5421,FitPro Storage 421,Home & Kitchen,Storage,FitPro,GlobalTrade,3695.89,5738.56,10/6/2023
5422,NovaTech Outdoor 422,Sports,Outdoor,NovaTech,MetroDistributors,1170.58,1750.81,7/7/2025
5423,NovaTech Kitchen 423,Home & Kitchen,Kitchen,NovaTech,RetailSource,2420.23,3256.99,10/13/2024
5424,GlowCare Mobiles 424,Electronics,Mobiles,GlowCare,RetailSource,5043.07,7258.22,8/26/2025
5425,PureHarvest Footwear 425,Fashion,Footwear,PureHarvest,MetroDistributors,1738.35,1982.87,4/14/2025
5426,PageTurner Yoga 426,Sports,Yoga,PageTurner,MetroDistributors,1133.45,1470.6,6/17/2024
5427,TrailMaster Travel 427,Accessories,Travel,TrailMaster,GlobalTrade,159.45,232.37,10/10/2023
5428,PureSkin Staples 428,Grocery,Staples,PureSkin,RetailSource,653.21,989.46,2/18/2025
5429,TechEdge Skincare 429,Beauty,Skincare,TechEdge,ValueChain,256.69,297.44,11/28/2024
5430,Voltix Children 430,Books,Children,Voltix,GlobalTrade,248.5,307.39,2/15/2025
5431,PureSkin Skincare 431,Beauty,Skincare,PureSkin,MetroDistributors,230.4,265.45,7/21/2025
5432,TimeCraft Footwear 432,Fashion,Footwear,TimeCraft,ValueChain,710.29,845.65,8/31/2024
5433,SoundMax Accessories 433,Electronics,Accessories,SoundMax,MetroDistributors,1524.51,2462.29,10/28/2024
5434,UrbanNest Storage 434,Home & Kitchen,Storage,UrbanNest,PrimeSupply,4084.3,6395.45,2/27/2024
5435,TechEdge Bags 435,Fashion,Bags,TechEdge,ValueChain,548.23,662.72,5/6/2024
5436,PixelPro Jewelry 436,Accessories,Jewelry,PixelPro,ValueChain,617.75,958.01,5/15/2023
5437,UrbanNest Team Sports 437,Sports,Team Sports,UrbanNest,MetroDistributors,1254.72,1963.96,7/11/2023
5438,Voltix Watches 438,Accessories,Watches,Voltix,MetroDistributors,436.47,747.8,9/24/2025
5439,HomeCraft Decor 439,Home & Kitchen,Decor,HomeCraft,PrimeSupply,3253.65,3762.67,6/28/2023
5440,StyleHub Audio 440,Electronics,Audio,StyleHub,MetroDistributors,2302.95,3233.97,3/13/2023
5441,PageTurner Watches 441,Accessories,Watches,PageTurner,ValueChain,278.58,367.03,3/9/2025
5442,GlowCare Decor 442,Home & Kitchen,Decor,GlowCare,RetailSource,1795.69,2513.74,5/15/2023
5443,GlowCare Makeup 443,Beauty,Makeup,GlowCare,RetailSource,1304.16,1627.66,4/6/2024
5444,PureSkin Computing 444,Electronics,Computing,PureSkin,ValueChain,6209.89,7927.28,1/10/2024
5445,Voltix Beverages 445,Grocery,Beverages,Voltix,MetroDistributors,779.17,967.3,2/21/2024
5446,SoundMax Computing 446,Electronics,Computing,SoundMax,PrimeSupply,2445.79,4074.08,2/3/2024
5447,NovaTech Beverages 447,Grocery,Beverages,NovaTech,PrimeSupply,106.07,169.61,2/6/2023
5448,PureHarvest Audio 448,Electronics,Audio,PureHarvest,RetailSource,3041.06,4032.9,9/25/2023
5449,PureHarvest Appliances 449,Home & Kitchen,Appliances,PureHarvest,MetroDistributors,2250.74,2743.35,10/3/2024
5450,UrbanNest Staples 450,Grocery,Staples,UrbanNest,GlobalTrade,393.95,476.36,3/20/2023
5451,ReadMore Men's Wear 451,Fashion,Men's Wear,ReadMore,PrimeSupply,1302.61,1869.4,9/23/2023
5452,HomeCraft Appliances 452,Home & Kitchen,Appliances,HomeCraft,MetroDistributors,608.25,715.76,6/18/2025
5453,KitchenPro Fragrance 453,Beauty,Fragrance,KitchenPro,GlobalTrade,790.11,936.64,10/16/2024
5454,TrailMaster Kitchen 454,Home & Kitchen,Kitchen,TrailMaster,MetroDistributors,1441.91,2484.79,5/28/2024
5455,TimeCraft Furniture 455,Home & Kitchen,Furniture,TimeCraft,MetroDistributors,505.74,685.42,6/30/2024
5456,PureSkin Accessories 456,Electronics,Accessories,PureSkin,GlobalTrade,4772.38,7968.98,8/27/2025
5457,TravelMate Fragrance 457,Beauty,Fragrance,TravelMate,MetroDistributors,170.11,266.8,2/19/2023
5458,TravelMate Accessories 458,Electronics,Accessories,TravelMate,PrimeSupply,1733.53,2642.46,5/27/2025
5459,NovaTech Organic 459,Grocery,Organic,NovaTech,GlobalTrade,170,209.22,4/23/2024
5460,UrbanWear Fiction 460,Books,Fiction,UrbanWear,RetailSource,330.23,399.2,5/9/2024
5461,StyleHub Furniture 461,Home & Kitchen,Furniture,StyleHub,ValueChain,1130.32,1484.22,8/18/2023
5462,TechEdge Makeup 462,Beauty,Makeup,TechEdge,ValueChain,1455.75,2029.3,1/24/2024
5463,Voltix Fragrance 463,Beauty,Fragrance,Voltix,MetroDistributors,942.08,1138.44,6/26/2024
5464,TravelMate Fitness 464,Sports,Fitness,TravelMate,MetroDistributors,3266.73,4470.71,9/13/2023
5465,TechEdge Accessories 465,Fashion,Accessories,TechEdge,RetailSource,328.32,470.9,12/16/2023
5466,TrendLine Yoga 466,Sports,Yoga,TrendLine,RetailSource,684.08,863.93,9/20/2025
5467,TrendLine Audio 467,Electronics,Audio,TrendLine,RetailSource,2233.28,2998.19,3/27/2025
5468,FitPro Footwear 468,Fashion,Footwear,FitPro,ValueChain,481.99,745.65,8/28/2024
5469,GlowCare Audio 469,Electronics,Audio,GlowCare,MetroDistributors,2010.49,2400.82,10/20/2023
5470,NovaTech Jewelry 470,Accessories,Jewelry,NovaTech,ValueChain,200.88,265.4,4/20/2025
5471,StyleHub Accessories 471,Fashion,Accessories,StyleHub,RetailSource,445.81,510.96,5/8/2025
5472,UrbanNest Cycling 472,Sports,Cycling,UrbanNest,MetroDistributors,477.99,815.69,9/11/2025
5473,PixelPro Women's Wear 473,Fashion,Women's Wear,PixelPro,ValueChain,352.59,409.58,10/30/2024
5474,TravelMate Audio 474,Electronics,Audio,TravelMate,RetailSource,3361.77,4601.15,8/12/2023
5475,GlowCare Accessories 475,Electronics,Accessories,GlowCare,MetroDistributors,1302.08,2129.04,1/12/2024
5476,TravelMate Furniture 476,Home & Kitchen,Furniture,TravelMate,RetailSource,2063.09,2820,7/13/2025
5477,TimeCraft Cycling 477,Sports,Cycling,TimeCraft,RetailSource,956.23,1491.44,4/14/2023
5478,TravelMate Outdoor 478,Sports,Outdoor,TravelMate,GlobalTrade,304.33,507.17,3/5/2025
5479,Voltix Decor 479,Home & Kitchen,Decor,Voltix,ValueChain,495.56,667.48,5/16/2024
5480,DailyFresh Women's Wear 480,Fashion,Women's Wear,DailyFresh,ValueChain,465.66,684.36,3/30/2024
5481,NovaTech Bags 481,Fashion,Bags,NovaTech,ValueChain,1718.58,2472.79,6/10/2023
5482,TrendLine Skincare 482,Beauty,Skincare,TrendLine,GlobalTrade,262.93,406.9,8/6/2025
5483,PureHarvest Bags 483,Fashion,Bags,PureHarvest,ValueChain,2570.54,3090.69,7/29/2023
5484,PureSkin Household 484,Grocery,Household,PureSkin,MetroDistributors,114.62,158.94,8/12/2024
5485,Voltix Footwear 485,Fashion,Footwear,Voltix,GlobalTrade,1675.69,1990.36,7/4/2024
5486,SoundMax Footwear 486,Fashion,Footwear,SoundMax,ValueChain,316.94,446.45,1/29/2024
5487,StyleHub Children 487,Books,Children,StyleHub,RetailSource,622.41,787.15,5/26/2023
5488,ReadMore Comics 488,Books,Comics,ReadMore,RetailSource,322.15,504.17,6/9/2023
5489,TimeCraft Accessories 489,Fashion,Accessories,TimeCraft,MetroDistributors,331.77,425.8,9/29/2024
5490,PageTurner Audio 490,Electronics,Audio,PageTurner,PrimeSupply,1944.31,2932.23,12/28/2024
5491,StyleHub Mobiles 491,Electronics,Mobiles,StyleHub,RetailSource,3323.74,5259.44,8/31/2023
5492,TrailMaster Storage 492,Home & Kitchen,Storage,TrailMaster,PrimeSupply,1657.63,2042.34,2/13/2025
5493,ReadMore Comics 493,Books,Comics,ReadMore,RetailSource,281,369.17,11/14/2024
5494,UrbanWear Cycling 494,Sports,Cycling,UrbanWear,MetroDistributors,1195.7,2013.56,7/26/2023
5495,HomeCraft Kitchen 495,Home & Kitchen,Kitchen,HomeCraft,ValueChain,1113.35,1617.43,1/20/2024
5496,HomeCraft Cameras 496,Electronics,Cameras,HomeCraft,GlobalTrade,1695.56,2395.94,1/7/2024
5497,PageTurner Yoga 497,Sports,Yoga,PageTurner,ValueChain,1517.86,2332.03,7/8/2024
5498,DailyFresh Personal Care 498,Beauty,Personal Care,DailyFresh,PrimeSupply,1212.62,2077.36,2/25/2023
5499,Voltix Children 499,Books,Children,Voltix,PrimeSupply,272.44,438.13,8/9/2025
5500,TravelMate Team Sports 500,Sports,Team Sports,TravelMate,GlobalTrade,1721.09,2381.73,7/11/2024
5501,NovaTech Storage 501,Home & Kitchen,Storage,NovaTech,GlobalTrade,316.97,540.09,11/16/2024
5502,UrbanWear Children 502,Books,Children,UrbanWear,RetailSource,808.82,1116.29,8/23/2024
5503,TrendLine Footwear 503,Fashion,Footwear,TrendLine,PrimeSupply,714.71,844.35,2/4/2024
5504,SoundMax Personal Care 504,Beauty,Personal Care,SoundMax,RetailSource,180.09,281.85,4/28/2025
5505,PageTurner Men's Wear 505,Fashion,Men's Wear,PageTurner,ValueChain,691.38,972.2,11/20/2023
5506,PureHarvest Fiction 506,Books,Fiction,PureHarvest,PrimeSupply,195.36,280.77,1/27/2023
5507,Voltix Storage 507,Home & Kitchen,Storage,Voltix,RetailSource,2143.09,3501.03,7/14/2024
5508,TrailMaster Kitchen 508,Home & Kitchen,Kitchen,TrailMaster,MetroDistributors,1409.86,1784.76,4/30/2023
5509,TimeCraft Storage 509,Home & Kitchen,Storage,TimeCraft,RetailSource,379.81,608.87,3/31/2025
5510,TrailMaster Comics 510,Books,Comics,TrailMaster,RetailSource,684.97,884.99,2/1/2023
5511,StyleHub Non-Fiction 511,Books,Non-Fiction,StyleHub,PrimeSupply,156.49,230.82,7/29/2023
5512,TimeCraft Storage 512,Home & Kitchen,Storage,TimeCraft,RetailSource,2310.24,3482.14,8/2/2025
5513,UrbanWear Computing 513,Electronics,Computing,UrbanWear,ValueChain,1180.47,2018.82,9/20/2023
5514,TrailMaster Computing 514,Electronics,Computing,TrailMaster,ValueChain,3015.91,4323.9,5/27/2024
5515,ReadMore Yoga 515,Sports,Yoga,ReadMore,MetroDistributors,391.23,446.38,5/23/2025
5516,PureSkin Fragrance 516,Beauty,Fragrance,PureSkin,PrimeSupply,250.97,329.05,9/3/2023
5517,KitchenPro Comics 517,Books,Comics,KitchenPro,PrimeSupply,707.78,1069.81,10/28/2023
5518,TrailMaster Comics 518,Books,Comics,TrailMaster,RetailSource,809.95,1198.08,1/20/2023
5519,KitchenPro Organic 519,Grocery,Organic,KitchenPro,GlobalTrade,70.4,104.81,3/13/2025
5520,TrendLine Footwear 520,Fashion,Footwear,TrendLine,PrimeSupply,987.28,1607.67,4/7/2023
5521,GlowCare Staples 521,Grocery,Staples,GlowCare,PrimeSupply,281.63,349.28,9/4/2025
5522,KitchenPro Men's Wear 522,Fashion,Men's Wear,KitchenPro,PrimeSupply,1281.89,1960.13,12/21/2024
5523,ReadMore Non-Fiction 523,Books,Non-Fiction,ReadMore,PrimeSupply,372.11,436.98,11/10/2023
5524,HomeCraft Makeup 524,Beauty,Makeup,HomeCraft,MetroDistributors,386.12,614.81,4/25/2024
5525,TechEdge Watches 525,Accessories,Watches,TechEdge,RetailSource,300.61,455.12,6/1/2024
5526,PageTurner Women's Wear 526,Fashion,Women's Wear,PageTurner,MetroDistributors,541.67,693.21,1/4/2025
5527,PureHarvest Cycling 527,Sports,Cycling,PureHarvest,GlobalTrade,759.08,904.37,1/6/2024
5528,HomeCraft Skincare 528,Beauty,Skincare,HomeCraft,MetroDistributors,355.69,536.55,9/23/2023
5529,TrendLine Jewelry 529,Accessories,Jewelry,TrendLine,PrimeSupply,468.47,592.94,5/13/2023
5530,TimeCraft Accessories 530,Electronics,Accessories,TimeCraft,ValueChain,4032.73,5559.65,3/15/2024
5531,UrbanNest Haircare 531,Beauty,Haircare,UrbanNest,PrimeSupply,413.59,645.07,4/26/2024
5532,UrbanWear Decor 532,Home & Kitchen,Decor,UrbanWear,MetroDistributors,954.49,1331.79,9/15/2024
5533,TrailMaster Organic 533,Grocery,Organic,TrailMaster,MetroDistributors,67.85,87.19,4/13/2025
5534,FitPro Children 534,Books,Children,FitPro,PrimeSupply,150.8,245.49,8/1/2023
5535,PixelPro Cycling 535,Sports,Cycling,PixelPro,PrimeSupply,282,420.91,8/11/2023
5536,NovaTech Footwear 536,Fashion,Footwear,NovaTech,MetroDistributors,1609.31,2062.55,10/15/2023
5537,UrbanNest Yoga 537,Sports,Yoga,UrbanNest,PrimeSupply,618.98,745.26,6/13/2023
5538,StyleHub Haircare 538,Beauty,Haircare,StyleHub,MetroDistributors,276.7,456.73,5/22/2023
5539,PureSkin Furniture 539,Home & Kitchen,Furniture,PureSkin,MetroDistributors,415.17,558.79,3/10/2025
5540,UrbanWear Beverages 540,Grocery,Beverages,UrbanWear,MetroDistributors,109.88,163.69,12/12/2024
5541,PixelPro Fragrance 541,Beauty,Fragrance,PixelPro,ValueChain,401.13,516.78,4/9/2025
5542,PageTurner Decor 542,Home & Kitchen,Decor,PageTurner,RetailSource,352.36,580.64,8/5/2024
5543,StyleHub Yoga 543,Sports,Yoga,StyleHub,RetailSource,1214.72,1413.6,3/27/2025
5544,SoundMax Computing 544,Electronics,Computing,SoundMax,ValueChain,3898.8,6035.38,3/20/2024
5545,PureSkin Children 545,Books,Children,PureSkin,ValueChain,229.42,391.33,5/30/2025
5546,UrbanWear Men's Wear 546,Fashion,Men's Wear,UrbanWear,RetailSource,409.3,653.06,7/21/2024
5547,GlowCare Fitness 547,Sports,Fitness,GlowCare,RetailSource,2245.46,3103.05,2/3/2023
5548,PureHarvest Accessories 548,Electronics,Accessories,PureHarvest,MetroDistributors,3633.49,4293.3,6/19/2023
5549,Voltix Academic 549,Books,Academic,Voltix,RetailSource,149.03,197.88,5/31/2024
5550,TrailMaster Non-Fiction 550,Books,Non-Fiction,TrailMaster,RetailSource,825.51,1012.09,3/23/2025
5551,PixelPro Children 551,Books,Children,PixelPro,ValueChain,346.68,402.77,5/28/2023
5552,ReadMore Women's Wear 552,Fashion,Women's Wear,ReadMore,MetroDistributors,588.2,765.49,1/25/2025
5553,UrbanNest Fitness 553,Sports,Fitness,UrbanNest,RetailSource,3381.52,4113.34,6/8/2025
5554,ReadMore Makeup 554,Beauty,Makeup,ReadMore,GlobalTrade,268.85,311.22,7/2/2023
5555,NovaTech Kitchen 555,Home & Kitchen,Kitchen,NovaTech,MetroDistributors,1381.45,1907.64,7/8/2024
5556,FitPro Accessories 556,Electronics,Accessories,FitPro,PrimeSupply,1987.76,2466.98,6/4/2025
5557,HomeCraft Women's Wear 557,Fashion,Women's Wear,HomeCraft,MetroDistributors,700.65,798.77,11/5/2023
5558,UrbanWear Snacks 558,Grocery,Snacks,UrbanWear,RetailSource,473.93,731.18,1/29/2024
5559,Voltix Storage 559,Home & Kitchen,Storage,Voltix,ValueChain,804.58,1136.88,3/25/2024
5560,UrbanWear Fiction 560,Books,Fiction,UrbanWear,RetailSource,258.8,296.8,4/8/2024
5561,ReadMore Cycling 561,Sports,Cycling,ReadMore,GlobalTrade,1106.29,1667.32,11/29/2023
5562,SoundMax Accessories 562,Fashion,Accessories,SoundMax,PrimeSupply,666.41,825.18,6/15/2024
5563,PureSkin Audio 563,Electronics,Audio,PureSkin,PrimeSupply,2135.08,2753.98,9/28/2023
5564,Voltix Accessories 564,Fashion,Accessories,Voltix,MetroDistributors,720.72,1102.82,3/3/2025
5565,UrbanWear Bags 565,Fashion,Bags,UrbanWear,PrimeSupply,411.5,615.93,11/13/2024
5566,GlowCare Audio 566,Electronics,Audio,GlowCare,ValueChain,7021,8500.85,6/14/2023
5567,PixelPro Household 567,Grocery,Household,PixelPro,RetailSource,244.05,316.28,4/30/2025
5568,PureHarvest Gadgets 568,Accessories,Gadgets,PureHarvest,ValueChain,626.07,1016.76,9/23/2023
5569,TrailMaster Accessories 569,Electronics,Accessories,TrailMaster,RetailSource,5599.76,7495.48,6/12/2024
5570,PureSkin Storage 570,Home & Kitchen,Storage,PureSkin,GlobalTrade,2534.64,3488.31,7/25/2025
5571,TimeCraft Cycling 571,Sports,Cycling,TimeCraft,PrimeSupply,1593,2591.54,11/12/2024
5572,UrbanWear Watches 572,Accessories,Watches,UrbanWear,RetailSource,1184.6,1374.61,7/26/2025
5573,PixelPro Stationery 573,Accessories,Stationery,PixelPro,ValueChain,250.37,388.61,8/25/2024
5574,DailyFresh Stationery 574,Accessories,Stationery,DailyFresh,ValueChain,152.84,210.93,3/19/2025
5575,FitPro Bags 575,Fashion,Bags,FitPro,RetailSource,953.17,1503.42,4/8/2024
5576,StyleHub Watches 576,Accessories,Watches,StyleHub,ValueChain,1524.74,1776.99,6/18/2023
5577,SoundMax Bags 577,Fashion,Bags,SoundMax,PrimeSupply,1123.28,1747.18,6/27/2023
5578,HomeCraft Accessories 578,Electronics,Accessories,HomeCraft,PrimeSupply,1566.36,2132.91,8/17/2024
5579,PureSkin Fiction 579,Books,Fiction,PureSkin,PrimeSupply,449.88,578.79,5/24/2023
5580,SoundMax Skincare 580,Beauty,Skincare,SoundMax,PrimeSupply,475.2,559.63,3/21/2024
5581,GlowCare Fiction 581,Books,Fiction,GlowCare,PrimeSupply,607.14,750.61,4/8/2024
5582,DailyFresh Cycling 582,Sports,Cycling,DailyFresh,PrimeSupply,831.03,1146.12,3/22/2023
5583,StyleHub Snacks 583,Grocery,Snacks,StyleHub,MetroDistributors,76.06,101.32,4/26/2025
5584,PureSkin Accessories 584,Fashion,Accessories,PureSkin,RetailSource,451.03,556.66,3/17/2023
5585,Voltix Storage 585,Home & Kitchen,Storage,Voltix,MetroDistributors,914.12,1246.96,11/11/2023
5586,PureSkin Fiction 586,Books,Fiction,PureSkin,MetroDistributors,317.67,370.01,5/6/2025
5587,TechEdge Bags 587,Fashion,Bags,TechEdge,MetroDistributors,742.59,855.28,2/7/2023
5588,PageTurner Cameras 588,Electronics,Cameras,PageTurner,PrimeSupply,2302.82,2695.04,4/1/2023
5589,GlowCare Men's Wear 589,Fashion,Men's Wear,GlowCare,PrimeSupply,419.39,575.1,4/23/2025
5590,PureSkin Staples 590,Grocery,Staples,PureSkin,MetroDistributors,809.72,985.58,9/29/2023
5591,KitchenPro Gadgets 591,Accessories,Gadgets,KitchenPro,ValueChain,1254.55,1447.19,6/29/2025
5592,UrbanNest Fiction 592,Books,Fiction,UrbanNest,PrimeSupply,229.07,301.57,5/31/2023
5593,FitPro Fiction 593,Books,Fiction,FitPro,MetroDistributors,129.46,187.91,6/13/2023
5594,PureSkin Household 594,Grocery,Household,PureSkin,PrimeSupply,75.94,118.69,7/29/2024
5595,TrailMaster Decor 595,Home & Kitchen,Decor,TrailMaster,PrimeSupply,1499.22,2279.79,8/11/2025
5596,PixelPro Personal Care 596,Beauty,Personal Care,PixelPro,RetailSource,280.45,357.32,1/30/2025
5597,TechEdge Haircare 597,Beauty,Haircare,TechEdge,MetroDistributors,862.62,1159.44,9/1/2024
5598,KitchenPro Stationery 598,Accessories,Stationery,KitchenPro,RetailSource,837.96,1108.46,9/23/2023
5599,UrbanWear Cameras 599,Electronics,Cameras,UrbanWear,RetailSource,3651.13,5310.41,3/11/2023
5600,GlowCare Gadgets 600,Accessories,Gadgets,GlowCare,GlobalTrade,277.01,450.07,2/21/2025
5601,TrendLine Non-Fiction 601,Books,Non-Fiction,TrendLine,MetroDistributors,591.24,687.87,4/28/2023
5602,SoundMax Audio 602,Electronics,Audio,SoundMax,GlobalTrade,1272.2,1912.61,6/24/2023
5603,NovaTech Haircare 603,Beauty,Haircare,NovaTech,MetroDistributors,595.6,988.29,3/16/2024
5604,DailyFresh Computing 604,Electronics,Computing,DailyFresh,GlobalTrade,4364.31,5338.33,12/23/2023
5605,PureSkin Team Sports 605,Sports,Team Sports,PureSkin,RetailSource,318.97,442.84,5/16/2025
5606,NovaTech Accessories 606,Fashion,Accessories,NovaTech,ValueChain,702.83,1173.75,8/31/2023
5607,DailyFresh Children 607,Books,Children,DailyFresh,GlobalTrade,399.15,654.36,10/14/2024
5608,UrbanNest Personal Care 608,Beauty,Personal Care,UrbanNest,ValueChain,883.43,1295.7,3/30/2024
5609,FitPro Children 609,Books,Children,FitPro,PrimeSupply,341.55,483.78,8/27/2023
5610,StyleHub Women's Wear 610,Fashion,Women's Wear,StyleHub,RetailSource,755.55,1202.51,9/8/2025
5611,Voltix Household 611,Grocery,Household,Voltix,RetailSource,91.43,151.02,3/5/2025
5612,TrailMaster Snacks 612,Grocery,Snacks,TrailMaster,ValueChain,272.55,364,1/6/2025
5613,UrbanNest Yoga 613,Sports,Yoga,UrbanNest,GlobalTrade,531.42,666.62,4/3/2024
5614,TechEdge Decor 614,Home & Kitchen,Decor,TechEdge,RetailSource,1866.82,2237.1,7/25/2023
5615,Voltix Jewelry 615,Accessories,Jewelry,Voltix,RetailSource,161.89,201.8,10/8/2024
5616,DailyFresh Staples 616,Grocery,Staples,DailyFresh,PrimeSupply,108.93,182.28,8/24/2025
5617,TrendLine Household 617,Grocery,Household,TrendLine,ValueChain,293.22,386.69,9/24/2023
5618,UrbanWear Cameras 618,Electronics,Cameras,UrbanWear,RetailSource,6741.02,8757.09,11/12/2024
5619,ReadMore Staples 619,Grocery,Staples,ReadMore,RetailSource,640.22,1071.39,5/8/2025
5620,HomeCraft Furniture 620,Home & Kitchen,Furniture,HomeCraft,ValueChain,2119.68,2934.11,3/30/2024
5621,TechEdge Makeup 621,Beauty,Makeup,TechEdge,PrimeSupply,1168.77,1493.01,3/21/2023
5622,PixelPro Academic 622,Books,Academic,PixelPro,MetroDistributors,263.64,322.33,7/5/2025
5623,PixelPro Women's Wear 623,Fashion,Women's Wear,PixelPro,PrimeSupply,584.04,696.07,4/17/2023
5624,TimeCraft Kitchen 624,Home & Kitchen,Kitchen,TimeCraft,ValueChain,3898.33,4431.8,2/1/2025
5625,PureHarvest Fragrance 625,Beauty,Fragrance,PureHarvest,ValueChain,485.01,629.29,4/23/2024
5626,UrbanWear Decor 626,Home & Kitchen,Decor,UrbanWear,RetailSource,847.22,1351.5,12/30/2024
5627,StyleHub Cycling 627,Sports,Cycling,StyleHub,GlobalTrade,1987.27,2918.24,12/6/2024
5628,UrbanWear Accessories 628,Electronics,Accessories,UrbanWear,ValueChain,3486.58,5456.82,7/20/2023
5629,GlowCare Women's Wear 629,Fashion,Women's Wear,GlowCare,GlobalTrade,686.81,922.09,4/8/2023
5630,TechEdge Makeup 630,Beauty,Makeup,TechEdge,MetroDistributors,344.2,425.68,5/8/2023
5631,FitPro Jewelry 631,Accessories,Jewelry,FitPro,RetailSource,1638.11,2513.19,7/20/2023
5632,TrendLine Accessories 632,Fashion,Accessories,TrendLine,ValueChain,927.79,1068.51,5/15/2025
5633,TimeCraft Footwear 633,Fashion,Footwear,TimeCraft,MetroDistributors,1192.96,2003.48,3/29/2023
5634,KitchenPro Travel 634,Accessories,Travel,KitchenPro,ValueChain,1637.84,2460.14,11/11/2024
5635,PageTurner Stationery 635,Accessories,Stationery,PageTurner,MetroDistributors,975.08,1155.66,1/19/2024
5636,TechEdge Outdoor 636,Sports,Outdoor,TechEdge,GlobalTrade,393.94,492.16,3/28/2025
5637,SoundMax Haircare 637,Beauty,Haircare,SoundMax,ValueChain,516.28,851.89,8/21/2024
5638,PageTurner Storage 638,Home & Kitchen,Storage,PageTurner,MetroDistributors,3680.85,4670.06,2/4/2025
5639,PureHarvest Fitness 639,Sports,Fitness,PureHarvest,MetroDistributors,763.75,970.59,4/6/2025
5640,PureHarvest Staples 640,Grocery,Staples,PureHarvest,GlobalTrade,214.28,336.22,6/22/2025
5641,SoundMax Gadgets 641,Accessories,Gadgets,SoundMax,RetailSource,1023.98,1667.43,3/12/2025
5642,UrbanNest Mobiles 642,Electronics,Mobiles,UrbanNest,ValueChain,2844.96,4168.11,1/11/2024
5643,StyleHub Decor 643,Home & Kitchen,Decor,StyleHub,GlobalTrade,3911.74,5775.19,7/8/2025
5644,KitchenPro Organic 644,Grocery,Organic,KitchenPro,RetailSource,98.34,125.77,12/17/2023
5645,KitchenPro Staples 645,Grocery,Staples,KitchenPro,GlobalTrade,83.16,98.2,8/8/2024
5646,UrbanNest Fiction 646,Books,Fiction,UrbanNest,PrimeSupply,274.64,417.12,8/25/2023
5647,NovaTech Accessories 647,Electronics,Accessories,NovaTech,MetroDistributors,1912.72,2439.71,3/23/2025
5648,TimeCraft Comics 648,Books,Comics,TimeCraft,RetailSource,189.65,302.01,4/16/2023
5649,KitchenPro Women's Wear 649,Fashion,Women's Wear,KitchenPro,GlobalTrade,518.61,596.24,8/19/2025
5650,PureSkin Footwear 650,Fashion,Footwear,PureSkin,PrimeSupply,1117.45,1547.83,4/27/2024
5651,ReadMore Storage 651,Home & Kitchen,Storage,ReadMore,PrimeSupply,327.56,503.49,4/28/2025
5652,TechEdge Furniture 652,Home & Kitchen,Furniture,TechEdge,RetailSource,1061.29,1482.96,5/13/2024
5653,Voltix Fragrance 653,Beauty,Fragrance,Voltix,GlobalTrade,929.66,1075.26,5/21/2023
5654,FitPro Mobiles 654,Electronics,Mobiles,FitPro,PrimeSupply,1760.87,2376.16,4/25/2023
5655,TravelMate Personal Care 655,Beauty,Personal Care,TravelMate,RetailSource,307.02,363.33,6/2/2025
5656,UrbanWear Mobiles 656,Electronics,Mobiles,UrbanWear,ValueChain,2283.66,3036.78,8/26/2024
5657,TimeCraft Footwear 657,Fashion,Footwear,TimeCraft,ValueChain,1772.9,2527.23,5/22/2023
5658,NovaTech Stationery 658,Accessories,Stationery,NovaTech,RetailSource,1840.69,2477.91,12/30/2023
5659,PageTurner Children 659,Books,Children,PageTurner,RetailSource,315.11,400.61,7/25/2024
5660,TravelMate Audio 660,Electronics,Audio,TravelMate,ValueChain,1700.28,2052.49,4/1/2024
5661,PageTurner Fitness 661,Sports,Fitness,PageTurner,MetroDistributors,315.24,471.23,3/16/2023
5662,PixelPro Storage 662,Home & Kitchen,Storage,PixelPro,PrimeSupply,1065.44,1223.87,5/25/2024
5663,NovaTech Bags 663,Fashion,Bags,NovaTech,RetailSource,1643.04,2044.74,6/24/2023
5664,UrbanWear Kitchen 664,Home & Kitchen,Kitchen,UrbanWear,GlobalTrade,3131.54,4946.55,11/7/2023
5665,GlowCare Stationery 665,Accessories,Stationery,GlowCare,PrimeSupply,368.45,455.28,10/29/2024
5666,FitPro Mobiles 666,Electronics,Mobiles,FitPro,ValueChain,5643.75,8900.32,11/16/2024
5667,TimeCraft Beverages 667,Grocery,Beverages,TimeCraft,RetailSource,860.67,983.75,3/21/2023
5668,PureSkin Children 668,Books,Children,PureSkin,MetroDistributors,416.42,520.52,5/24/2024
5669,HomeCraft Bags 669,Fashion,Bags,HomeCraft,MetroDistributors,768.85,901.69,9/13/2023
5670,NovaTech Snacks 670,Grocery,Snacks,NovaTech,PrimeSupply,438.49,607.07,3/17/2024
5671,TimeCraft Accessories 671,Fashion,Accessories,TimeCraft,GlobalTrade,1883.81,2229.22,3/15/2025
5672,PureSkin Team Sports 672,Sports,Team Sports,PureSkin,ValueChain,3466.49,4470.4,2/14/2024
5673,TrailMaster Comics 673,Books,Comics,TrailMaster,GlobalTrade,734.45,1084.75,8/9/2024
5674,PageTurner Appliances 674,Home & Kitchen,Appliances,PageTurner,PrimeSupply,426.61,661.01,1/24/2023
5675,ReadMore Mobiles 675,Electronics,Mobiles,ReadMore,MetroDistributors,3653.97,4437.72,5/7/2024
5676,DailyFresh Snacks 676,Grocery,Snacks,DailyFresh,GlobalTrade,78.91,132.83,2/10/2025
5677,PureHarvest Kitchen 677,Home & Kitchen,Kitchen,PureHarvest,ValueChain,4579.66,6476.09,10/10/2024
5678,TechEdge Travel 678,Accessories,Travel,TechEdge,MetroDistributors,258.27,332,8/24/2025
5679,KitchenPro Appliances 679,Home & Kitchen,Appliances,KitchenPro,MetroDistributors,600.87,861.15,2/24/2025
5680,NovaTech Accessories 680,Fashion,Accessories,NovaTech,MetroDistributors,730.6,953.07,5/11/2023
5681,PixelPro Women's Wear 681,Fashion,Women's Wear,PixelPro,PrimeSupply,1344.43,2275.11,3/2/2023
5682,TimeCraft Men's Wear 682,Fashion,Men's Wear,TimeCraft,MetroDistributors,463.44,613.28,10/17/2023
5683,UrbanWear Gadgets 683,Accessories,Gadgets,UrbanWear,PrimeSupply,689.45,855.14,3/24/2025
5684,TrailMaster Appliances 684,Home & Kitchen,Appliances,TrailMaster,PrimeSupply,1210.06,1401.73,4/26/2025
5685,GlowCare Fitness 685,Sports,Fitness,GlowCare,ValueChain,284.67,441.97,12/26/2024
5686,StyleHub Furniture 686,Home & Kitchen,Furniture,StyleHub,GlobalTrade,796.76,1193.17,12/9/2024
5687,TechEdge Accessories 687,Electronics,Accessories,TechEdge,MetroDistributors,1396.27,2056.96,10/30/2024
5688,PageTurner Storage 688,Home & Kitchen,Storage,PageTurner,GlobalTrade,1692.69,2671.7,11/9/2023
5689,PageTurner Makeup 689,Beauty,Makeup,PageTurner,MetroDistributors,278.8,390.11,11/11/2024
5690,TechEdge Fitness 690,Sports,Fitness,TechEdge,RetailSource,2883.92,3542.75,10/11/2024
5691,KitchenPro Decor 691,Home & Kitchen,Decor,KitchenPro,RetailSource,534.86,688.75,3/24/2023
5692,TravelMate Watches 692,Accessories,Watches,TravelMate,PrimeSupply,2274.56,2731.27,7/6/2025
5693,DailyFresh Women's Wear 693,Fashion,Women's Wear,DailyFresh,RetailSource,300.89,518.17,1/27/2025
5694,FitPro Beverages 694,Grocery,Beverages,FitPro,MetroDistributors,193.77,231.99,8/8/2023
5695,TravelMate Cameras 695,Electronics,Cameras,TravelMate,MetroDistributors,3873.98,4423.14,10/15/2023
5696,PureHarvest Cycling 696,Sports,Cycling,PureHarvest,ValueChain,973.85,1120.48,11/10/2024
5697,PureSkin Appliances 697,Home & Kitchen,Appliances,PureSkin,RetailSource,1476.35,2131.7,9/1/2023
5698,GlowCare Skincare 698,Beauty,Skincare,GlowCare,ValueChain,182.95,251.93,3/22/2025
5699,FitPro Staples 699,Grocery,Staples,FitPro,MetroDistributors,786.29,1033.81,4/15/2024
5700,ReadMore Comics 700,Books,Comics,ReadMore,MetroDistributors,645.13,1091.67,4/6/2023
5701,TravelMate Bags 701,Fashion,Bags,TravelMate,PrimeSupply,476.06,673.56,11/22/2024
5702,KitchenPro Non-Fiction 702,Books,Non-Fiction,KitchenPro,GlobalTrade,562.64,843.21,7/23/2025
5703,KitchenPro Bags 703,Fashion,Bags,KitchenPro,RetailSource,1667.75,2080.21,11/28/2023
5704,PixelPro Accessories 704,Electronics,Accessories,PixelPro,RetailSource,6385.42,7889.99,8/17/2025
5705,NovaTech Fitness 705,Sports,Fitness,NovaTech,RetailSource,1170.67,1904.81,12/21/2024
5706,UrbanNest Gadgets 706,Accessories,Gadgets,UrbanNest,ValueChain,378.22,529.45,1/3/2025
5707,HomeCraft Mobiles 707,Electronics,Mobiles,HomeCraft,RetailSource,3289.44,5469.15,12/27/2023
5708,PureHarvest Cycling 708,Sports,Cycling,PureHarvest,PrimeSupply,827.02,1183.08,5/30/2024
5709,TrendLine Beverages 709,Grocery,Beverages,TrendLine,RetailSource,101.06,117.45,8/11/2023
5710,TrailMaster Fragrance 710,Beauty,Fragrance,TrailMaster,GlobalTrade,193.05,261.93,8/26/2024
5711,Voltix Men's Wear 711,Fashion,Men's Wear,Voltix,PrimeSupply,1115.93,1306.57,5/9/2025
5712,StyleHub Decor 712,Home & Kitchen,Decor,StyleHub,GlobalTrade,636.58,795.61,10/10/2024
5713,ReadMore Storage 713,Home & Kitchen,Storage,ReadMore,PrimeSupply,4181.5,4918.12,5/23/2025
5714,Voltix Bags 714,Fashion,Bags,Voltix,MetroDistributors,744.31,1157.05,6/4/2023
5715,UrbanWear Cycling 715,Sports,Cycling,UrbanWear,RetailSource,2208.78,3286.58,8/30/2024
5716,PureSkin Kitchen 716,Home & Kitchen,Kitchen,PureSkin,ValueChain,833.5,988.05,10/22/2023
5717,Voltix Women's Wear 717,Fashion,Women's Wear,Voltix,PrimeSupply,365.59,563.38,7/17/2024
5718,PureSkin Personal Care 718,Beauty,Personal Care,PureSkin,RetailSource,370.98,476.44,4/11/2023
5719,PureSkin Appliances 719,Home & Kitchen,Appliances,PureSkin,ValueChain,587.93,784.32,1/19/2024
5720,GlowCare Academic 720,Books,Academic,GlowCare,RetailSource,232.45,300.75,1/6/2024
5721,TechEdge Fitness 721,Sports,Fitness,TechEdge,GlobalTrade,321.76,434.09,6/11/2024
5722,PageTurner Fragrance 722,Beauty,Fragrance,PageTurner,MetroDistributors,229.37,318.87,1/15/2025
5723,DailyFresh Footwear 723,Fashion,Footwear,DailyFresh,GlobalTrade,1223.07,1707.8,7/27/2024
5724,HomeCraft Footwear 724,Fashion,Footwear,HomeCraft,ValueChain,381.99,549.59,6/4/2025
5725,PixelPro Personal Care 725,Beauty,Personal Care,PixelPro,MetroDistributors,473.74,613.51,10/12/2023
5726,TrendLine Children 726,Books,Children,TrendLine,GlobalTrade,118.89,204.39,1/7/2024
5727,TechEdge Academic 727,Books,Academic,TechEdge,PrimeSupply,252.2,339.4,4/17/2024
5728,KitchenPro Non-Fiction 728,Books,Non-Fiction,KitchenPro,MetroDistributors,123.64,182.53,9/8/2024
5729,FitPro Decor 729,Home & Kitchen,Decor,FitPro,ValueChain,679.25,1032.37,4/29/2025
5730,Voltix Academic 730,Books,Academic,Voltix,ValueChain,136.41,172.47,8/17/2024
5731,UrbanNest Women's Wear 731,Fashion,Women's Wear,UrbanNest,MetroDistributors,1534.51,2015.92,8/16/2025
5732,KitchenPro Furniture 732,Home & Kitchen,Furniture,KitchenPro,ValueChain,351.13,545.96,4/17/2024
5733,PageTurner Mobiles 733,Electronics,Mobiles,PageTurner,ValueChain,6531.57,8515.23,6/13/2024
5734,ReadMore Organic 734,Grocery,Organic,ReadMore,GlobalTrade,330.84,430.67,11/25/2024
5735,PureHarvest Team Sports 735,Sports,Team Sports,PureHarvest,ValueChain,1009.12,1532.61,5/27/2023
5736,PixelPro Snacks 736,Grocery,Snacks,PixelPro,PrimeSupply,348.86,444.07,5/31/2023
5737,ReadMore Skincare 737,Beauty,Skincare,ReadMore,ValueChain,273.92,382.2,11/30/2023
5738,HomeCraft Household 738,Grocery,Household,HomeCraft,ValueChain,337.71,477.22,3/16/2023
5739,PureHarvest Personal Care 739,Beauty,Personal Care,PureHarvest,RetailSource,255.52,330.34,2/19/2024
5740,GlowCare Yoga 740,Sports,Yoga,GlowCare,ValueChain,2027.65,2425.49,12/15/2023
5741,TimeCraft Cameras 741,Electronics,Cameras,TimeCraft,PrimeSupply,5520.58,7459.84,9/9/2024
5742,UrbanWear Yoga 742,Sports,Yoga,UrbanWear,PrimeSupply,2111.24,2714.52,8/27/2025
5743,KitchenPro Fragrance 743,Beauty,Fragrance,KitchenPro,GlobalTrade,322.1,546.03,7/19/2024
5744,DailyFresh Storage 744,Home & Kitchen,Storage,DailyFresh,PrimeSupply,1820.09,2142.72,8/11/2025
5745,UrbanNest Accessories 745,Electronics,Accessories,UrbanNest,GlobalTrade,6452.91,8407.22,8/27/2024
5746,ReadMore Footwear 746,Fashion,Footwear,ReadMore,PrimeSupply,1570.78,1866.79,9/25/2024
5747,SoundMax Mobiles 747,Electronics,Mobiles,SoundMax,RetailSource,4223.21,7130.46,4/16/2025
5748,TrailMaster Yoga 748,Sports,Yoga,TrailMaster,MetroDistributors,845.28,1010.4,8/1/2024
5749,TimeCraft Personal Care 749,Beauty,Personal Care,TimeCraft,PrimeSupply,698.99,840.67,8/26/2025
5750,HomeCraft Beverages 750,Grocery,Beverages,HomeCraft,GlobalTrade,183.63,264.9,9/25/2024
5751,TravelMate Personal Care 751,Beauty,Personal Care,TravelMate,MetroDistributors,201.58,338.46,12/2/2023
5752,NovaTech Fiction 752,Books,Fiction,NovaTech,GlobalTrade,502,650.58,3/5/2024
5753,PixelPro Yoga 753,Sports,Yoga,PixelPro,GlobalTrade,684.36,1093.98,10/8/2024
5754,KitchenPro Fitness 754,Sports,Fitness,KitchenPro,MetroDistributors,739.15,1265.94,10/16/2023
5755,KitchenPro Kitchen 755,Home & Kitchen,Kitchen,KitchenPro,GlobalTrade,468.34,586.45,1/3/2025
5756,PureSkin Men's Wear 756,Fashion,Men's Wear,PureSkin,GlobalTrade,1033.55,1231.52,1/6/2023
5757,PureHarvest Audio 757,Electronics,Audio,PureHarvest,ValueChain,2312.11,3193.49,12/30/2024
5758,PixelPro Fitness 758,Sports,Fitness,PixelPro,ValueChain,624.89,752.32,1/20/2023
5759,PageTurner Furniture 759,Home & Kitchen,Furniture,PageTurner,ValueChain,851.09,995.16,6/13/2023
5760,DailyFresh Haircare 760,Beauty,Haircare,DailyFresh,RetailSource,329.88,382.82,8/30/2025
5761,PureSkin Travel 761,Accessories,Travel,PureSkin,PrimeSupply,2194.11,2638.11,4/9/2025
5762,TravelMate Yoga 762,Sports,Yoga,TravelMate,RetailSource,237.84,401.23,1/14/2025
5763,PixelPro Appliances 763,Home & Kitchen,Appliances,PixelPro,MetroDistributors,2799.11,3499.35,7/17/2025
5764,PageTurner Haircare 764,Beauty,Haircare,PageTurner,ValueChain,1045.71,1690.69,11/21/2024
5765,UrbanWear Fitness 765,Sports,Fitness,UrbanWear,PrimeSupply,1688.5,2404.13,4/17/2023
5766,UrbanWear Household 766,Grocery,Household,UrbanWear,PrimeSupply,229.68,389.73,4/24/2025
5767,PureSkin Non-Fiction 767,Books,Non-Fiction,PureSkin,GlobalTrade,251.53,394.6,8/25/2023
5768,ReadMore Storage 768,Home & Kitchen,Storage,ReadMore,PrimeSupply,446.88,667.23,8/29/2024
5769,TrendLine Organic 769,Grocery,Organic,TrendLine,PrimeSupply,1023.09,1166.56,6/11/2025
5770,HomeCraft Accessories 770,Electronics,Accessories,HomeCraft,RetailSource,1757,2726.08,10/29/2024
5771,HomeCraft Kitchen 771,Home & Kitchen,Kitchen,HomeCraft,GlobalTrade,2166.55,3283.93,2/7/2023
5772,TravelMate Cameras 772,Electronics,Cameras,TravelMate,RetailSource,7447.99,8749.54,3/1/2025
5773,UrbanWear Decor 773,Home & Kitchen,Decor,UrbanWear,ValueChain,1942.45,2824.79,3/11/2025
5774,UrbanNest Accessories 774,Fashion,Accessories,UrbanNest,RetailSource,510.09,625.01,5/6/2023
5775,GlowCare Decor 775,Home & Kitchen,Decor,GlowCare,RetailSource,1811.76,2650.14,7/31/2025
5776,TrailMaster Audio 776,Electronics,Audio,TrailMaster,ValueChain,3505.71,4728.29,7/7/2023
5777,NovaTech Computing 777,Electronics,Computing,NovaTech,MetroDistributors,4261.94,5440.08,2/23/2023
5778,NovaTech Travel 778,Accessories,Travel,NovaTech,ValueChain,265.65,378.75,7/9/2024
5779,PureSkin Academic 779,Books,Academic,PureSkin,ValueChain,344.53,541.44,11/7/2024
5780,FitPro Outdoor 780,Sports,Outdoor,FitPro,PrimeSupply,712.59,1095.01,4/7/2023
5781,TrendLine Comics 781,Books,Comics,TrendLine,ValueChain,760.78,1011.27,6/5/2023
5782,KitchenPro Outdoor 782,Sports,Outdoor,KitchenPro,PrimeSupply,902.66,1487.28,10/21/2024
5783,ReadMore Computing 783,Electronics,Computing,ReadMore,GlobalTrade,1935.46,2918.36,3/23/2023
5784,PixelPro Travel 784,Accessories,Travel,PixelPro,RetailSource,721.61,954.76,4/12/2025
5785,FitPro Bags 785,Fashion,Bags,FitPro,MetroDistributors,2171.58,2607,9/30/2023
5786,StyleHub Footwear 786,Fashion,Footwear,StyleHub,ValueChain,353.25,431.92,4/17/2025
5787,UrbanNest Household 787,Grocery,Household,UrbanNest,RetailSource,666.87,858.35,1/10/2025
5788,PixelPro Storage 788,Home & Kitchen,Storage,PixelPro,GlobalTrade,2342.92,2889.83,11/20/2023
5789,TrailMaster Appliances 789,Home & Kitchen,Appliances,TrailMaster,GlobalTrade,1273.57,1761.15,3/9/2025
5790,TechEdge Snacks 790,Grocery,Snacks,TechEdge,GlobalTrade,118.75,155.48,7/22/2023
5791,GlowCare Fragrance 791,Beauty,Fragrance,GlowCare,GlobalTrade,375.4,441.75,4/27/2024
5792,PureHarvest Accessories 792,Fashion,Accessories,PureHarvest,GlobalTrade,725.26,1020.19,8/16/2025
5793,PageTurner Gadgets 793,Accessories,Gadgets,PageTurner,MetroDistributors,197.21,255.24,6/8/2025
5794,SoundMax Staples 794,Grocery,Staples,SoundMax,ValueChain,168.11,280.07,7/1/2025
5795,TravelMate Staples 795,Grocery,Staples,TravelMate,RetailSource,249.51,417.72,5/30/2023
5796,FitPro Decor 796,Home & Kitchen,Decor,FitPro,PrimeSupply,1226.36,1919.12,11/10/2023
5797,DailyFresh Snacks 797,Grocery,Snacks,DailyFresh,MetroDistributors,73.78,103.82,3/17/2023
5798,SoundMax Outdoor 798,Sports,Outdoor,SoundMax,RetailSource,621.67,939.83,6/13/2025
5799,TimeCraft Fitness 799,Sports,Fitness,TimeCraft,RetailSource,2229.62,3346.16,2/24/2025
5800,PageTurner Accessories 800,Electronics,Accessories,PageTurner,PrimeSupply,1439.27,2074.82,5/31/2025
5801,PureHarvest Skincare 801,Beauty,Skincare,PureHarvest,MetroDistributors,1098.43,1261.05,4/25/2023
5802,TravelMate Decor 802,Home & Kitchen,Decor,TravelMate,MetroDistributors,522.31,772.75,12/5/2023
5803,DailyFresh Gadgets 803,Accessories,Gadgets,DailyFresh,GlobalTrade,404.18,469.24,12/16/2024
5804,StyleHub Skincare 804,Beauty,Skincare,StyleHub,GlobalTrade,1028.07,1729.74,12/30/2023
5805,DailyFresh Cycling 805,Sports,Cycling,DailyFresh,RetailSource,574.99,987.73,10/20/2023
5806,TravelMate Storage 806,Home & Kitchen,Storage,TravelMate,RetailSource,3209.14,4499.36,7/20/2025
5807,TimeCraft Footwear 807,Fashion,Footwear,TimeCraft,MetroDistributors,1211.94,2022.85,6/18/2024
5808,FitPro Haircare 808,Beauty,Haircare,FitPro,PrimeSupply,946.85,1215.85,1/11/2025
5809,TravelMate Organic 809,Grocery,Organic,TravelMate,RetailSource,101.26,134.93,2/10/2025
5810,PureSkin Yoga 810,Sports,Yoga,PureSkin,PrimeSupply,548.98,628.46,9/9/2024
5811,StyleHub Computing 811,Electronics,Computing,StyleHub,PrimeSupply,2929.14,3749.42,1/9/2025
5812,TechEdge Men's Wear 812,Fashion,Men's Wear,TechEdge,PrimeSupply,304.23,491.83,8/10/2025
5813,StyleHub Decor 813,Home & Kitchen,Decor,StyleHub,MetroDistributors,473.51,685.37,5/14/2024
5814,TimeCraft Haircare 814,Beauty,Haircare,TimeCraft,ValueChain,505.56,862.28,5/14/2025
5815,PixelPro Accessories 815,Fashion,Accessories,PixelPro,ValueChain,561.45,693.71,3/9/2023
5816,PureHarvest Mobiles 816,Electronics,Mobiles,PureHarvest,MetroDistributors,3519.37,4939.31,3/16/2023
5817,FitPro Decor 817,Home & Kitchen,Decor,FitPro,MetroDistributors,3321.63,4011.24,1/27/2024
5818,PixelPro Cycling 818,Sports,Cycling,PixelPro,PrimeSupply,727.44,828.05,5/13/2024
5819,Voltix Makeup 819,Beauty,Makeup,Voltix,PrimeSupply,939.44,1200.78,11/26/2023
5820,NovaTech Cameras 820,Electronics,Cameras,NovaTech,GlobalTrade,1838.53,2632.04,6/14/2025
5821,PageTurner Personal Care 821,Beauty,Personal Care,PageTurner,GlobalTrade,372.97,432.19,1/23/2023
5822,UrbanNest Fragrance 822,Beauty,Fragrance,UrbanNest,RetailSource,261.23,417.91,4/22/2023
5823,TechEdge Cameras 823,Electronics,Cameras,TechEdge,MetroDistributors,3466.21,4692.62,9/20/2024
5824,TechEdge Audio 824,Electronics,Audio,TechEdge,PrimeSupply,2306.02,3969.67,3/14/2023
5825,TrendLine Women's Wear 825,Fashion,Women's Wear,TrendLine,PrimeSupply,356.17,428.28,7/15/2023
5826,UrbanNest Academic 826,Books,Academic,UrbanNest,ValueChain,652.8,907.24,5/9/2025
5827,TimeCraft Audio 827,Electronics,Audio,TimeCraft,RetailSource,6025.33,8928.76,3/26/2025
5828,TravelMate Travel 828,Accessories,Travel,TravelMate,GlobalTrade,1001.59,1418.55,2/16/2025
5829,Voltix Skincare 829,Beauty,Skincare,Voltix,ValueChain,157.74,259.61,12/11/2023
5830,PureHarvest Non-Fiction 830,Books,Non-Fiction,PureHarvest,MetroDistributors,390.44,445.05,6/17/2023
5831,SoundMax Watches 831,Accessories,Watches,SoundMax,ValueChain,273.6,353.09,11/15/2023
5832,StyleHub Appliances 832,Home & Kitchen,Appliances,StyleHub,MetroDistributors,908.07,1041.76,7/1/2023
5833,PureSkin Makeup 833,Beauty,Makeup,PureSkin,RetailSource,281.02,459.85,8/27/2023
5834,HomeCraft Footwear 834,Fashion,Footwear,HomeCraft,ValueChain,1121.78,1434.66,4/12/2025
5835,FitPro Accessories 835,Electronics,Accessories,FitPro,ValueChain,1357.82,2074.24,9/2/2023
5836,PureSkin Academic 836,Books,Academic,PureSkin,MetroDistributors,587.44,668.08,7/29/2023
5837,TimeCraft Audio 837,Electronics,Audio,TimeCraft,MetroDistributors,7126.75,8905.06,9/13/2023
5838,TimeCraft Organic 838,Grocery,Organic,TimeCraft,PrimeSupply,128.57,162.82,5/24/2023
5839,DailyFresh Comics 839,Books,Comics,DailyFresh,ValueChain,695.57,1108.17,5/14/2025
5840,ReadMore Outdoor 840,Sports,Outdoor,ReadMore,PrimeSupply,1368.65,1870.46,6/26/2025
5841,UrbanNest Skincare 841,Beauty,Skincare,UrbanNest,PrimeSupply,396.84,509.11,7/20/2023
5842,PureHarvest Household 842,Grocery,Household,PureHarvest,RetailSource,120.05,193.24,3/16/2025
5843,UrbanNest Audio 843,Electronics,Audio,UrbanNest,PrimeSupply,4084.47,5388.78,9/28/2023
5844,PageTurner Comics 844,Books,Comics,PageTurner,PrimeSupply,978.89,1184.01,2/8/2024
5845,TrendLine Appliances 845,Home & Kitchen,Appliances,TrendLine,RetailSource,468.41,608.67,9/26/2025
5846,TrendLine Cameras 846,Electronics,Cameras,TrendLine,GlobalTrade,7628.94,8740.82,9/18/2024
5847,DailyFresh Decor 847,Home & Kitchen,Decor,DailyFresh,PrimeSupply,478.56,615.46,3/20/2025
5848,PixelPro Storage 848,Home & Kitchen,Storage,PixelPro,ValueChain,4889.99,6293.7,3/6/2024
5849,DailyFresh Decor 849,Home & Kitchen,Decor,DailyFresh,GlobalTrade,1767.08,2846.5,9/13/2024
5850,DailyFresh Academic 850,Books,Academic,DailyFresh,GlobalTrade,515.99,604.87,10/2/2023
5851,StyleHub Haircare 851,Beauty,Haircare,StyleHub,ValueChain,277.07,345.33,1/4/2025
5852,FitPro Gadgets 852,Accessories,Gadgets,FitPro,MetroDistributors,1103.98,1726.5,9/13/2025
5853,HomeCraft Fiction 853,Books,Fiction,HomeCraft,GlobalTrade,163.77,213.72,6/6/2023
5854,ReadMore Snacks 854,Grocery,Snacks,ReadMore,GlobalTrade,86.22,116.82,6/29/2024
5855,PixelPro Snacks 855,Grocery,Snacks,PixelPro,ValueChain,124.95,214.55,9/26/2023
5856,PageTurner Beverages 856,Grocery,Beverages,PageTurner,PrimeSupply,198.27,229.22,9/29/2024
5857,TrailMaster Mobiles 857,Electronics,Mobiles,TrailMaster,MetroDistributors,2528.55,4159.85,4/1/2024
5858,HomeCraft Storage 858,Home & Kitchen,Storage,HomeCraft,PrimeSupply,818.38,1289.91,2/13/2024
5859,DailyFresh Footwear 859,Fashion,Footwear,DailyFresh,PrimeSupply,700.76,987.7,1/24/2024
5860,HomeCraft Accessories 860,Fashion,Accessories,HomeCraft,PrimeSupply,734.66,1189.24,5/15/2024
5861,GlowCare Staples 861,Grocery,Staples,GlowCare,RetailSource,285.47,372.53,7/26/2023
5862,DailyFresh Makeup 862,Beauty,Makeup,DailyFresh,GlobalTrade,1146.35,1325.42,10/15/2023
5863,SoundMax Beverages 863,Grocery,Beverages,SoundMax,MetroDistributors,132.88,167.34,3/12/2023
5864,UrbanWear Accessories 864,Fashion,Accessories,UrbanWear,ValueChain,865.3,1374.04,3/5/2024
5865,FitPro Organic 865,Grocery,Organic,FitPro,PrimeSupply,266.15,358.45,9/4/2024
5866,TechEdge Cameras 866,Electronics,Cameras,TechEdge,MetroDistributors,1177.68,1999.5,9/19/2024
5867,TrendLine Accessories 867,Fashion,Accessories,TrendLine,ValueChain,638.72,759.39,7/30/2023
5868,FitPro Snacks 868,Grocery,Snacks,FitPro,PrimeSupply,467.74,763.17,3/23/2025
5869,PureHarvest Accessories 869,Fashion,Accessories,PureHarvest,RetailSource,546.89,764.43,2/20/2024
5870,KitchenPro Comics 870,Books,Comics,KitchenPro,PrimeSupply,668.16,764.93,3/13/2025
5871,DailyFresh Accessories 871,Fashion,Accessories,DailyFresh,PrimeSupply,2663.22,3402.12,3/31/2025
5872,FitPro Beverages 872,Grocery,Beverages,FitPro,ValueChain,253.67,293.32,1/12/2023
5873,TrendLine Fitness 873,Sports,Fitness,TrendLine,GlobalTrade,379.34,448.13,2/16/2023
5874,PureSkin Household 874,Grocery,Household,PureSkin,PrimeSupply,115.2,190.88,6/18/2024
5875,TravelMate Makeup 875,Beauty,Makeup,TravelMate,ValueChain,599.96,766.94,4/18/2025
5876,FitPro Yoga 876,Sports,Yoga,FitPro,GlobalTrade,954.19,1192.01,1/9/2024
5877,StyleHub Skincare 877,Beauty,Skincare,StyleHub,GlobalTrade,706.9,971.22,9/2/2024
5878,TravelMate Skincare 878,Beauty,Skincare,TravelMate,ValueChain,383.92,569.47,8/30/2024
5879,TrailMaster Outdoor 879,Sports,Outdoor,TrailMaster,MetroDistributors,658.61,1032.24,2/1/2025
5880,HomeCraft Accessories 880,Electronics,Accessories,HomeCraft,RetailSource,3863.85,4715.71,5/31/2025
5881,PureSkin Fiction 881,Books,Fiction,PureSkin,ValueChain,169.16,210.6,7/23/2024
5882,TravelMate Men's Wear 882,Fashion,Men's Wear,TravelMate,GlobalTrade,1855.4,2931.23,2/14/2025
5883,TrailMaster Computing 883,Electronics,Computing,TrailMaster,MetroDistributors,5651.87,8606.43,8/25/2024
5884,ReadMore Yoga 884,Sports,Yoga,ReadMore,MetroDistributors,2829.29,3658.28,11/27/2023
5885,FitPro Fitness 885,Sports,Fitness,FitPro,RetailSource,1367.49,1793.32,7/24/2024
5886,DailyFresh Children 886,Books,Children,DailyFresh,GlobalTrade,526.32,906.03,1/9/2025
5887,SoundMax Travel 887,Accessories,Travel,SoundMax,PrimeSupply,972.19,1506.02,6/14/2025
5888,ReadMore Bags 888,Fashion,Bags,ReadMore,RetailSource,2301.71,2703.44,4/12/2023
5889,PureHarvest Stationery 889,Accessories,Stationery,PureHarvest,ValueChain,486.83,737.34,12/2/2023
5890,NovaTech Personal Care 890,Beauty,Personal Care,NovaTech,PrimeSupply,669.04,931.94,5/9/2023
5891,ReadMore Men's Wear 891,Fashion,Men's Wear,ReadMore,PrimeSupply,751.72,923.64,6/21/2023
5892,TrendLine Cycling 892,Sports,Cycling,TrendLine,ValueChain,2460.57,3729.48,8/14/2023
5893,UrbanWear Appliances 893,Home & Kitchen,Appliances,UrbanWear,ValueChain,2060.95,2412.2,6/21/2025
5894,PixelPro Jewelry 894,Accessories,Jewelry,PixelPro,RetailSource,203.05,270.62,2/4/2024
5895,KitchenPro Bags 895,Fashion,Bags,KitchenPro,RetailSource,438.89,525.41,7/8/2025
5896,TrailMaster Computing 896,Electronics,Computing,TrailMaster,PrimeSupply,1624.49,2051.69,5/25/2024
5897,TrendLine Team Sports 897,Sports,Team Sports,TrendLine,ValueChain,271.33,410.9,1/20/2023
5898,SoundMax Cameras 898,Electronics,Cameras,SoundMax,RetailSource,3436.76,4722.75,2/2/2024
5899,KitchenPro Computing 899,Electronics,Computing,KitchenPro,PrimeSupply,6480.67,8812.04,12/27/2024
5900,NovaTech Mobiles 900,Electronics,Mobiles,NovaTech,GlobalTrade,6006.68,7296.85,9/19/2024
5901,UrbanNest Snacks 901,Grocery,Snacks,UrbanNest,ValueChain,128.06,163.88,1/4/2024
5902,TimeCraft Mobiles 902,Electronics,Mobiles,TimeCraft,ValueChain,5385.08,8861.17,5/5/2023
5903,PageTurner Haircare 903,Beauty,Haircare,PageTurner,MetroDistributors,415.59,663.18,1/27/2025
5904,TimeCraft Footwear 904,Fashion,Footwear,TimeCraft,PrimeSupply,465.81,663.34,6/5/2024
5905,TechEdge Staples 905,Grocery,Staples,TechEdge,PrimeSupply,87.73,124.01,3/1/2025
5906,FitPro Household 906,Grocery,Household,FitPro,GlobalTrade,102.86,146.04,9/30/2023
5907,KitchenPro Travel 907,Accessories,Travel,KitchenPro,MetroDistributors,454.88,638.54,6/6/2023
5908,StyleHub Bags 908,Fashion,Bags,StyleHub,MetroDistributors,413.11,567.42,12/31/2023
5909,TravelMate Footwear 909,Fashion,Footwear,TravelMate,MetroDistributors,664.83,794.48,8/28/2023
5910,DailyFresh Household 910,Grocery,Household,DailyFresh,GlobalTrade,260.07,310.17,5/23/2024
5911,TrailMaster Accessories 911,Electronics,Accessories,TrailMaster,GlobalTrade,2803.75,3580.52,5/16/2024
5912,TravelMate Computing 912,Electronics,Computing,TravelMate,GlobalTrade,3169.77,4313.44,5/13/2023
5913,TrendLine Jewelry 913,Accessories,Jewelry,TrendLine,MetroDistributors,229.29,287.94,4/12/2024
5914,SoundMax Accessories 914,Electronics,Accessories,SoundMax,MetroDistributors,2777.39,4409.79,1/24/2024
5915,TimeCraft Footwear 915,Fashion,Footwear,TimeCraft,PrimeSupply,387.85,454.82,6/3/2024
5916,PixelPro Decor 916,Home & Kitchen,Decor,PixelPro,MetroDistributors,3004.06,3861.01,1/30/2025
5917,HomeCraft Audio 917,Electronics,Audio,HomeCraft,GlobalTrade,2207.44,2721.5,3/31/2024
5918,TimeCraft Jewelry 918,Accessories,Jewelry,TimeCraft,GlobalTrade,2014.06,2771.22,10/5/2023
5919,PureHarvest Mobiles 919,Electronics,Mobiles,PureHarvest,RetailSource,1768.13,2332.02,6/22/2025
5920,PixelPro Footwear 920,Fashion,Footwear,PixelPro,RetailSource,583.92,704.03,2/3/2025
5921,DailyFresh Appliances 921,Home & Kitchen,Appliances,DailyFresh,ValueChain,4592.71,6152.57,8/19/2025
5922,TrailMaster Accessories 922,Fashion,Accessories,TrailMaster,RetailSource,1093.59,1791.51,8/19/2023
5923,PixelPro Fiction 923,Books,Fiction,PixelPro,ValueChain,193.59,230.03,9/6/2024
5924,GlowCare Yoga 924,Sports,Yoga,GlowCare,ValueChain,500.33,750.98,1/24/2025
5925,HomeCraft Personal Care 925,Beauty,Personal Care,HomeCraft,ValueChain,420.71,573.75,6/12/2025
5926,TrendLine Makeup 926,Beauty,Makeup,TrendLine,MetroDistributors,229.57,261.26,7/14/2023
5927,TechEdge Mobiles 927,Electronics,Mobiles,TechEdge,ValueChain,2893.59,3465.83,9/10/2023
5928,PixelPro Accessories 928,Fashion,Accessories,PixelPro,RetailSource,1322.87,2224.76,8/9/2025
5929,FitPro Staples 929,Grocery,Staples,FitPro,GlobalTrade,726.48,981.29,7/20/2024
5930,PageTurner Household 930,Grocery,Household,PageTurner,ValueChain,127.84,173.96,6/3/2023
5931,Voltix Accessories 931,Electronics,Accessories,Voltix,ValueChain,1270.08,2128.08,7/13/2023
5932,PureSkin Snacks 932,Grocery,Snacks,PureSkin,GlobalTrade,391.24,492.72,9/26/2025
5933,TrendLine Beverages 933,Grocery,Beverages,TrendLine,ValueChain,504.25,625.23,6/17/2025
5934,TimeCraft Beverages 934,Grocery,Beverages,TimeCraft,RetailSource,464.91,612.17,8/17/2023
5935,GlowCare Organic 935,Grocery,Organic,GlowCare,GlobalTrade,484.02,830.13,7/6/2024
5936,TrendLine Stationery 936,Accessories,Stationery,TrendLine,MetroDistributors,340.18,476.02,12/11/2024
5937,NovaTech Accessories 937,Electronics,Accessories,NovaTech,GlobalTrade,1689.22,2639.85,3/22/2024
5938,TimeCraft Men's Wear 938,Fashion,Men's Wear,TimeCraft,RetailSource,680.04,1162.73,11/2/2023
5939,FitPro Gadgets 939,Accessories,Gadgets,FitPro,RetailSource,1762.81,2208.5,12/1/2024
5940,TechEdge Personal Care 940,Beauty,Personal Care,TechEdge,RetailSource,225,324.19,3/24/2023
5941,NovaTech Cycling 941,Sports,Cycling,NovaTech,PrimeSupply,694.35,863.73,7/27/2023
5942,Voltix Women's Wear 942,Fashion,Women's Wear,Voltix,PrimeSupply,937.6,1304.87,1/25/2023
5943,TrendLine Decor 943,Home & Kitchen,Decor,TrendLine,PrimeSupply,1571.82,1985.31,6/9/2025
5944,TimeCraft Travel 944,Accessories,Travel,TimeCraft,MetroDistributors,251.28,304.62,5/28/2023
5945,FitPro Women's Wear 945,Fashion,Women's Wear,FitPro,ValueChain,1410.68,1907.4,5/19/2025
5946,PixelPro Haircare 946,Beauty,Haircare,PixelPro,MetroDistributors,407.26,693.83,2/13/2024
5947,Voltix Appliances 947,Home & Kitchen,Appliances,Voltix,RetailSource,4531.78,5266.37,4/15/2023
5948,Voltix Stationery 948,Accessories,Stationery,Voltix,ValueChain,1397.31,1734.44,8/3/2024
5949,SoundMax Furniture 949,Home & Kitchen,Furniture,SoundMax,PrimeSupply,2639.97,3188.38,11/14/2023
5950,PixelPro Snacks 950,Grocery,Snacks,PixelPro,PrimeSupply,70.95,118.59,4/23/2024
5951,SoundMax Furniture 951,Home & Kitchen,Furniture,SoundMax,ValueChain,1622.75,2093.58,9/5/2025
5952,TrailMaster Travel 952,Accessories,Travel,TrailMaster,ValueChain,1771.61,2233.92,9/22/2024
5953,TrailMaster Accessories 953,Fashion,Accessories,TrailMaster,RetailSource,349.91,459.46,1/18/2023
5954,ReadMore Snacks 954,Grocery,Snacks,ReadMore,PrimeSupply,370.09,543.15,4/6/2023
5955,TechEdge Personal Care 955,Beauty,Personal Care,TechEdge,PrimeSupply,509.16,700.41,2/10/2025
5956,PureHarvest Audio 956,Electronics,Audio,PureHarvest,MetroDistributors,3239.78,4220.41,11/7/2024
5957,UrbanNest Appliances 957,Home & Kitchen,Appliances,UrbanNest,GlobalTrade,515.05,618.57,5/3/2024
5958,TechEdge Comics 958,Books,Comics,TechEdge,RetailSource,430.83,676.36,2/24/2025
5959,TechEdge Outdoor 959,Sports,Outdoor,TechEdge,MetroDistributors,813.91,1041.85,8/13/2023
5960,KitchenPro Women's Wear 960,Fashion,Women's Wear,KitchenPro,RetailSource,1305.43,1494.54,8/19/2023
5961,SoundMax Decor 961,Home & Kitchen,Decor,SoundMax,RetailSource,1592.96,2154.72,2/11/2024
5962,KitchenPro Snacks 962,Grocery,Snacks,KitchenPro,ValueChain,232.87,264.75,3/2/2025
5963,FitPro Fitness 963,Sports,Fitness,FitPro,ValueChain,3244.73,3918.83,9/9/2025
5964,TravelMate Fitness 964,Sports,Fitness,TravelMate,RetailSource,401.86,525.82,9/8/2023
5965,NovaTech Footwear 965,Fashion,Footwear,NovaTech,GlobalTrade,1409.02,2166.05,9/10/2024
5966,PureSkin Footwear 966,Fashion,Footwear,PureSkin,PrimeSupply,868.24,1213.92,3/20/2024
5967,Voltix Men's Wear 967,Fashion,Men's Wear,Voltix,PrimeSupply,936.68,1073.67,5/30/2025
5968,UrbanNest Mobiles 968,Electronics,Mobiles,UrbanNest,RetailSource,2148.78,2815.06,3/16/2025
5969,FitPro Stationery 969,Accessories,Stationery,FitPro,ValueChain,612.47,897.67,6/22/2023
5970,KitchenPro Footwear 970,Fashion,Footwear,KitchenPro,RetailSource,2479.86,3407.39,11/18/2024
5971,StyleHub Bags 971,Fashion,Bags,StyleHub,ValueChain,1016.67,1717.91,1/18/2023
5972,KitchenPro Bags 972,Fashion,Bags,KitchenPro,MetroDistributors,544.61,732.13,5/18/2024
5973,UrbanNest Accessories 973,Fashion,Accessories,UrbanNest,PrimeSupply,1357.57,1910.85,9/25/2023
5974,TrailMaster Fitness 974,Sports,Fitness,TrailMaster,GlobalTrade,2467.64,3474.69,1/5/2024
5975,KitchenPro Team Sports 975,Sports,Team Sports,KitchenPro,RetailSource,3115.39,3729.08,11/27/2023
5976,GlowCare Snacks 976,Grocery,Snacks,GlowCare,PrimeSupply,575.19,704.87,7/17/2024
5977,ReadMore Cameras 977,Electronics,Cameras,ReadMore,PrimeSupply,1649.06,1948.08,4/28/2025
5978,FitPro Snacks 978,Grocery,Snacks,FitPro,GlobalTrade,305.62,385.52,6/3/2024
5979,PageTurner Watches 979,Accessories,Watches,PageTurner,ValueChain,204.17,295.35,5/15/2025
5980,StyleHub Gadgets 980,Accessories,Gadgets,StyleHub,MetroDistributors,574.18,749.74,8/29/2025
5981,StyleHub Computing 981,Electronics,Computing,StyleHub,RetailSource,2649.79,4263.03,8/11/2023
5982,NovaTech Men's Wear 982,Fashion,Men's Wear,NovaTech,RetailSource,1408.98,1926.3,4/6/2025
5983,TrailMaster Jewelry 983,Accessories,Jewelry,TrailMaster,RetailSource,1152.71,1855.52,8/6/2023
5984,TrailMaster Children 984,Books,Children,TrailMaster,ValueChain,273.92,328.03,4/27/2023
5985,TrendLine Computing 985,Electronics,Computing,TrendLine,GlobalTrade,1491.04,2166.13,7/28/2023
5986,PageTurner Household 986,Grocery,Household,PageTurner,GlobalTrade,876.99,1009.85,2/17/2024
5987,FitPro Staples 987,Grocery,Staples,FitPro,GlobalTrade,252.72,307.54,6/20/2023
5988,TechEdge Fiction 988,Books,Fiction,TechEdge,RetailSource,282.22,453,8/10/2024
5989,Voltix Bags 989,Fashion,Bags,Voltix,GlobalTrade,1297.75,2204.76,8/19/2024
5990,FitPro Outdoor 990,Sports,Outdoor,FitPro,ValueChain,880.05,1292.33,12/6/2024
5991,PixelPro Comics 991,Books,Comics,PixelPro,MetroDistributors,651.73,971.69,6/30/2025
5992,PureHarvest Bags 992,Fashion,Bags,PureHarvest,GlobalTrade,2611.3,3238.48,6/27/2023
5993,UrbanNest Fiction 993,Books,Fiction,UrbanNest,GlobalTrade,165.88,198.6,9/7/2025
5994,PureSkin Storage 994,Home & Kitchen,Storage,PureSkin,RetailSource,3846.77,4451.51,4/10/2025
5995,TrendLine Storage 995,Home & Kitchen,Storage,TrendLine,ValueChain,2957.03,3991.84,2/23/2023
5996,TrailMaster Snacks 996,Grocery,Snacks,TrailMaster,ValueChain,341.32,520.05,9/21/2024
5997,UrbanNest Bags 997,Fashion,Bags,UrbanNest,RetailSource,839.74,1004.26,9/16/2023
5998,TrailMaster Cameras 998,Electronics,Cameras,TrailMaster,PrimeSupply,2881.44,4858.73,3/9/2023
5999,TechEdge Staples 999,Grocery,Staples,TechEdge,PrimeSupply,69.61,85.73,11/12/2024
6000,KitchenPro Children 1000,Books,Children,KitchenPro,RetailSource,793.94,924.19,3/1/2023
